<?xml version="1.0" encoding="UTF-8"?>
<mesh>
    <sharedgeometry vertexcount="68">
        <vertexbuffer colours_diffuse="True" normals="true" positions="true" texture_coords="1">
            <vertex>
                <position x="0.250000" y="6.000000" z="-0.000000"/>
                <normal x="0.000000" y="0.000000" z="1.000000"/>
                <colour_diffuse value="1.000000 1.000000 1.000000 1.000000"/>
                <texcoord u="0.062500" v="0.000000"/>
            </vertex>
            <vertex>
                <position x="0.250000" y="4.000000" z="0.000000"/>
                <normal x="0.000000" y="0.000000" z="1.000000"/>
                <colour_diffuse value="1.000000 1.000000 1.000000 1.000000"/>
                <texcoord u="0.062499" v="0.500000"/>
            </vertex>
            <vertex>
                <position x="0.500000" y="4.000000" z="0.000000"/>
                <normal x="0.000000" y="0.000000" z="1.000000"/>
                <colour_diffuse value="1.000000 1.000000 1.000000 1.000000"/>
                <texcoord u="0.124999" v="0.500000"/>
            </vertex>
            <vertex>
                <position x="0.500000" y="6.000000" z="-0.000000"/>
                <normal x="0.000000" y="0.000000" z="1.000000"/>
                <colour_diffuse value="1.000000 1.000000 1.000000 1.000000"/>
                <texcoord u="0.124999" v="0.000000"/>
            </vertex>
            <vertex>
                <position x="0.000000" y="6.000000" z="-0.000000"/>
                <normal x="0.000000" y="0.000000" z="1.000000"/>
                <colour_diffuse value="1.000000 1.000000 1.000000 1.000000"/>
                <texcoord u="0.000000" v="0.000000"/>
            </vertex>
            <vertex>
                <position x="0.000000" y="4.000000" z="0.000000"/>
                <normal x="0.000000" y="0.000000" z="1.000000"/>
                <colour_diffuse value="1.000000 1.000000 1.000000 1.000000"/>
                <texcoord u="0.000000" v="0.500000"/>
            </vertex>
            <vertex>
                <position x="1.000000" y="6.000000" z="-0.000000"/>
                <normal x="0.000000" y="0.000000" z="1.000000"/>
                <colour_diffuse value="1.000000 1.000000 1.000000 1.000000"/>
                <texcoord u="0.250000" v="0.000000"/>
            </vertex>
            <vertex>
                <position x="0.750000" y="6.000000" z="-0.000000"/>
                <normal x="0.000000" y="0.000000" z="1.000000"/>
                <colour_diffuse value="1.000000 1.000000 1.000000 1.000000"/>
                <texcoord u="0.187501" v="0.000000"/>
            </vertex>
            <vertex>
                <position x="0.750000" y="4.000000" z="0.000000"/>
                <normal x="0.000000" y="0.000000" z="0.999969"/>
                <colour_diffuse value="1.000000 1.000000 1.000000 1.000000"/>
                <texcoord u="0.187501" v="0.500000"/>
            </vertex>
            <vertex>
                <position x="1.000000" y="4.000000" z="0.000000"/>
                <normal x="0.000000" y="0.000000" z="1.000000"/>
                <colour_diffuse value="1.000000 1.000000 1.000000 1.000000"/>
                <texcoord u="0.250000" v="0.500000"/>
            </vertex>
            <vertex>
                <position x="1.250000" y="6.000000" z="-0.000000"/>
                <normal x="0.000000" y="0.000000" z="1.000000"/>
                <colour_diffuse value="1.000000 1.000000 1.000000 1.000000"/>
                <texcoord u="0.312499" v="0.000000"/>
            </vertex>
            <vertex>
                <position x="1.250000" y="4.000000" z="0.000000"/>
                <normal x="0.000000" y="0.000000" z="1.000000"/>
                <colour_diffuse value="1.000000 1.000000 1.000000 1.000000"/>
                <texcoord u="0.312499" v="0.500000"/>
            </vertex>
            <vertex>
                <position x="1.500000" y="4.000000" z="0.000000"/>
                <normal x="0.000000" y="0.000000" z="1.000000"/>
                <colour_diffuse value="1.000000 1.000000 1.000000 1.000000"/>
                <texcoord u="0.374999" v="0.500000"/>
            </vertex>
            <vertex>
                <position x="1.500000" y="6.000000" z="-0.000000"/>
                <normal x="0.000000" y="0.000000" z="1.000000"/>
                <colour_diffuse value="1.000000 1.000000 1.000000 1.000000"/>
                <texcoord u="0.374999" v="0.000000"/>
            </vertex>
            <vertex>
                <position x="2.000000" y="6.000000" z="-0.000000"/>
                <normal x="0.000000" y="0.000000" z="1.000000"/>
                <colour_diffuse value="1.000000 1.000000 1.000000 1.000000"/>
                <texcoord u="0.500000" v="0.000000"/>
            </vertex>
            <vertex>
                <position x="1.750000" y="6.000000" z="-0.000000"/>
                <normal x="0.000000" y="0.000000" z="1.000000"/>
                <colour_diffuse value="1.000000 1.000000 1.000000 1.000000"/>
                <texcoord u="0.437498" v="0.000000"/>
            </vertex>
            <vertex>
                <position x="1.750000" y="4.000000" z="0.000000"/>
                <normal x="0.000000" y="0.000000" z="1.000000"/>
                <colour_diffuse value="1.000000 1.000000 1.000000 1.000000"/>
                <texcoord u="0.437498" v="0.500000"/>
            </vertex>
            <vertex>
                <position x="2.000000" y="4.000000" z="0.000000"/>
                <normal x="0.000000" y="0.000000" z="1.000000"/>
                <colour_diffuse value="1.000000 1.000000 1.000000 1.000000"/>
                <texcoord u="0.500000" v="0.500000"/>
            </vertex>
            <vertex>
                <position x="2.250000" y="6.000000" z="-0.000000"/>
                <normal x="0.000000" y="0.000000" z="1.000000"/>
                <colour_diffuse value="1.000000 1.000000 1.000000 1.000000"/>
                <texcoord u="0.562499" v="0.000000"/>
            </vertex>
            <vertex>
                <position x="2.250000" y="4.000000" z="0.000000"/>
                <normal x="0.000000" y="0.000000" z="1.000000"/>
                <colour_diffuse value="1.000000 1.000000 1.000000 1.000000"/>
                <texcoord u="0.562500" v="0.500000"/>
            </vertex>
            <vertex>
                <position x="2.500000" y="4.000000" z="0.000000"/>
                <normal x="0.000000" y="0.000000" z="1.000000"/>
                <colour_diffuse value="1.000000 1.000000 1.000000 1.000000"/>
                <texcoord u="0.624999" v="0.500000"/>
            </vertex>
            <vertex>
                <position x="2.500000" y="6.000000" z="-0.000000"/>
                <normal x="0.000000" y="0.000000" z="1.000000"/>
                <colour_diffuse value="1.000000 1.000000 1.000000 1.000000"/>
                <texcoord u="0.624999" v="0.000000"/>
            </vertex>
            <vertex>
                <position x="3.000000" y="6.000000" z="-0.000000"/>
                <normal x="0.000000" y="0.000000" z="1.000000"/>
                <colour_diffuse value="1.000000 1.000000 1.000000 1.000000"/>
                <texcoord u="0.750000" v="0.000000"/>
            </vertex>
            <vertex>
                <position x="2.750000" y="6.000000" z="-0.000000"/>
                <normal x="0.000000" y="0.000000" z="1.000000"/>
                <colour_diffuse value="1.000000 1.000000 1.000000 1.000000"/>
                <texcoord u="0.687501" v="0.000000"/>
            </vertex>
            <vertex>
                <position x="2.750000" y="4.000000" z="0.000000"/>
                <normal x="0.000000" y="0.000000" z="1.000000"/>
                <colour_diffuse value="1.000000 1.000000 1.000000 1.000000"/>
                <texcoord u="0.687501" v="0.500000"/>
            </vertex>
            <vertex>
                <position x="3.000000" y="4.000000" z="0.000000"/>
                <normal x="0.000000" y="0.000000" z="1.000000"/>
                <colour_diffuse value="1.000000 1.000000 1.000000 1.000000"/>
                <texcoord u="0.750000" v="0.500000"/>
            </vertex>
            <vertex>
                <position x="3.250000" y="6.000000" z="-0.000000"/>
                <normal x="0.000000" y="0.000000" z="1.000000"/>
                <colour_diffuse value="1.000000 1.000000 1.000000 1.000000"/>
                <texcoord u="0.812499" v="0.000000"/>
            </vertex>
            <vertex>
                <position x="3.250000" y="4.000000" z="0.000000"/>
                <normal x="0.000000" y="0.000000" z="1.000000"/>
                <colour_diffuse value="1.000000 1.000000 1.000000 1.000000"/>
                <texcoord u="0.812500" v="0.500000"/>
            </vertex>
            <vertex>
                <position x="3.500000" y="4.000000" z="0.000000"/>
                <normal x="0.000000" y="0.000000" z="1.000000"/>
                <colour_diffuse value="1.000000 1.000000 1.000000 1.000000"/>
                <texcoord u="0.874999" v="0.500000"/>
            </vertex>
            <vertex>
                <position x="3.500000" y="6.000000" z="-0.000000"/>
                <normal x="0.000000" y="0.000000" z="1.000000"/>
                <colour_diffuse value="1.000000 1.000000 1.000000 1.000000"/>
                <texcoord u="0.874998" v="0.000000"/>
            </vertex>
            <vertex>
                <position x="3.750000" y="4.000000" z="0.000000"/>
                <normal x="0.000000" y="0.000000" z="1.000000"/>
                <colour_diffuse value="1.000000 1.000000 1.000000 1.000000"/>
                <texcoord u="0.937501" v="0.500000"/>
            </vertex>
            <vertex>
                <position x="4.000000" y="4.000000" z="0.000000"/>
                <normal x="0.000000" y="0.000000" z="1.000000"/>
                <colour_diffuse value="1.000000 1.000000 1.000000 1.000000"/>
                <texcoord u="1.000000" v="0.500000"/>
            </vertex>
            <vertex>
                <position x="4.000000" y="6.000000" z="-0.000000"/>
                <normal x="0.000000" y="0.000000" z="1.000000"/>
                <colour_diffuse value="1.000000 1.000000 1.000000 1.000000"/>
                <texcoord u="1.000000" v="0.000000"/>
            </vertex>
            <vertex>
                <position x="3.750000" y="6.000000" z="-0.000000"/>
                <normal x="0.000000" y="0.000000" z="1.000000"/>
                <colour_diffuse value="1.000000 1.000000 1.000000 1.000000"/>
                <texcoord u="0.937500" v="0.000000"/>
            </vertex>
            <vertex>
                <position x="0.000000" y="0.000000" z="-0.000000"/>
                <normal x="0.000000" y="-1.000000" z="-0.000000"/>
                <colour_diffuse value="1.000000 1.000000 1.000000 1.000000"/>
                <texcoord u="0.601438" v="0.645238"/>
            </vertex>
            <vertex>
                <position x="0.070711" y="0.000000" z="-0.070711"/>
                <normal x="0.554094" y="-0.621235" z="-0.554094"/>
                <colour_diffuse value="1.000000 1.000000 1.000000 1.000000"/>
                <texcoord u="0.644273" v="0.734194"/>
            </vertex>
            <vertex>
                <position x="0.099371" y="0.000000" z="0.011196"/>
                <normal x="0.778680" y="-0.621235" z="0.087710"/>
                <colour_diffuse value="1.000000 1.000000 1.000000 1.000000"/>
                <texcoord u="0.697694" v="0.667212"/>
            </vertex>
            <vertex>
                <position x="-0.000000" y="5.999997" z="0.000000"/>
                <normal x="0.000000" y="1.000000" z="-0.000000"/>
                <colour_diffuse value="1.000000 1.000000 1.000000 1.000000"/>
                <texcoord u="0.377539" v="0.638460"/>
            </vertex>
            <vertex>
                <position x="0.099371" y="5.999997" z="0.011196"/>
                <normal x="0.778680" y="0.621235" z="0.087710"/>
                <colour_diffuse value="1.000000 1.000000 1.000000 1.000000"/>
                <texcoord u="0.475679" v="0.660805"/>
            </vertex>
            <vertex>
                <position x="0.070711" y="5.999997" z="-0.070711"/>
                <normal x="0.554094" y="0.621235" z="-0.554094"/>
                <colour_diffuse value="1.000000 1.000000 1.000000 1.000000"/>
                <texcoord u="0.456198" v="0.575664"/>
            </vertex>
            <vertex>
                <position x="0.053203" y="0.000000" z="0.084672"/>
                <normal x="0.416883" y="-0.621235" z="0.663503"/>
                <colour_diffuse value="1.000000 1.000000 1.000000 1.000000"/>
                <texcoord u="0.678632" v="0.583683"/>
            </vertex>
            <vertex>
                <position x="0.053203" y="5.999997" z="0.084672"/>
                <normal x="0.416883" y="0.621235" z="0.663503"/>
                <colour_diffuse value="1.000000 1.000000 1.000000 1.000000"/>
                <texcoord u="0.421258" v="0.729121"/>
            </vertex>
            <vertex>
                <position x="-0.033028" y="0.000000" z="0.094388"/>
                <normal x="-0.258797" y="-0.621235" z="0.739616"/>
                <colour_diffuse value="1.000000 1.000000 1.000000 1.000000"/>
                <texcoord u="0.601442" v="0.546506"/>
            </vertex>
            <vertex>
                <position x="-0.033028" y="5.999997" z="0.094388"/>
                <normal x="-0.258797" y="0.621235" z="0.739616"/>
                <colour_diffuse value="1.000000 1.000000 1.000000 1.000000"/>
                <texcoord u="0.333916" v="0.729167"/>
            </vertex>
            <vertex>
                <position x="-0.094388" y="0.000000" z="0.033028"/>
                <normal x="-0.739616" y="-0.621235" z="0.258797"/>
                <colour_diffuse value="1.000000 1.000000 1.000000 1.000000"/>
                <texcoord u="0.524249" v="0.583677"/>
            </vertex>
            <vertex>
                <position x="-0.094388" y="5.999997" z="0.033028"/>
                <normal x="-0.739616" y="0.621235" z="0.258797"/>
                <colour_diffuse value="1.000000 1.000000 1.000000 1.000000"/>
                <texcoord u="0.279423" v="0.660909"/>
            </vertex>
            <vertex>
                <position x="-0.084672" y="0.000000" z="-0.053203"/>
                <normal x="-0.663503" y="-0.621235" z="-0.416883"/>
                <colour_diffuse value="1.000000 1.000000 1.000000 1.000000"/>
                <texcoord u="0.505181" v="0.667204"/>
            </vertex>
            <vertex>
                <position x="-0.084672" y="5.999997" z="-0.053203"/>
                <normal x="-0.663503" y="0.621235" z="-0.416883"/>
                <colour_diffuse value="1.000000 1.000000 1.000000 1.000000"/>
                <texcoord u="0.298814" v="0.575747"/>
            </vertex>
            <vertex>
                <position x="-0.011196" y="0.000000" z="-0.099371"/>
                <normal x="-0.087710" y="-0.621235" z="-0.778680"/>
                <colour_diffuse value="1.000000 1.000000 1.000000 1.000000"/>
                <texcoord u="0.558597" v="0.734191"/>
            </vertex>
            <vertex>
                <position x="-0.011196" y="5.999997" z="-0.099371"/>
                <normal x="-0.087710" y="0.621235" z="-0.778680"/>
                <colour_diffuse value="1.000000 1.000000 1.000000 1.000000"/>
                <texcoord u="0.377486" v="0.537809"/>
            </vertex>
            <vertex>
                <position x="0.070711" y="0.000000" z="-0.070711"/>
                <normal x="0.554094" y="-0.621235" z="-0.554094"/>
                <colour_diffuse value="1.000000 1.000000 1.000000 1.000000"/>
                <texcoord u="0.012500" v="0.925000"/>
            </vertex>
            <vertex>
                <position x="0.070711" y="5.999997" z="-0.070711"/>
                <normal x="0.554094" y="0.621235" z="-0.554094"/>
                <colour_diffuse value="1.000000 1.000000 1.000000 1.000000"/>
                <texcoord u="0.987500" v="0.925000"/>
            </vertex>
            <vertex>
                <position x="0.099371" y="5.999997" z="0.011196"/>
                <normal x="0.778680" y="0.621235" z="0.087710"/>
                <colour_diffuse value="1.000000 1.000000 1.000000 1.000000"/>
                <texcoord u="0.987500" v="0.893750"/>
            </vertex>
            <vertex>
                <position x="0.099371" y="0.000000" z="0.011196"/>
                <normal x="0.778680" y="-0.621235" z="0.087710"/>
                <colour_diffuse value="1.000000 1.000000 1.000000 1.000000"/>
                <texcoord u="0.012500" v="0.893750"/>
            </vertex>
            <vertex>
                <position x="0.053203" y="5.999997" z="0.084672"/>
                <normal x="0.416883" y="0.621235" z="0.663503"/>
                <colour_diffuse value="1.000000 1.000000 1.000000 1.000000"/>
                <texcoord u="0.987500" v="0.862500"/>
            </vertex>
            <vertex>
                <position x="0.053203" y="0.000000" z="0.084672"/>
                <normal x="0.416883" y="-0.621235" z="0.663503"/>
                <colour_diffuse value="1.000000 1.000000 1.000000 1.000000"/>
                <texcoord u="0.012500" v="0.862500"/>
            </vertex>
            <vertex>
                <position x="-0.033028" y="5.999997" z="0.094388"/>
                <normal x="-0.258797" y="0.621235" z="0.739616"/>
                <colour_diffuse value="1.000000 1.000000 1.000000 1.000000"/>
                <texcoord u="0.987500" v="0.831250"/>
            </vertex>
            <vertex>
                <position x="-0.033028" y="0.000000" z="0.094388"/>
                <normal x="-0.258797" y="-0.621235" z="0.739616"/>
                <colour_diffuse value="1.000000 1.000000 1.000000 1.000000"/>
                <texcoord u="0.012500" v="0.831250"/>
            </vertex>
            <vertex>
                <position x="-0.033028" y="0.000000" z="0.094388"/>
                <normal x="-0.258797" y="-0.621235" z="0.739616"/>
                <colour_diffuse value="1.000000 1.000000 1.000000 1.000000"/>
                <texcoord u="0.012500" v="0.768750"/>
            </vertex>
            <vertex>
                <position x="-0.033028" y="5.999997" z="0.094388"/>
                <normal x="-0.258797" y="0.621235" z="0.739616"/>
                <colour_diffuse value="1.000000 1.000000 1.000000 1.000000"/>
                <texcoord u="0.987500" v="0.768750"/>
            </vertex>
            <vertex>
                <position x="-0.094388" y="5.999997" z="0.033028"/>
                <normal x="-0.739616" y="0.621235" z="0.258797"/>
                <colour_diffuse value="1.000000 1.000000 1.000000 1.000000"/>
                <texcoord u="0.987500" v="0.800000"/>
            </vertex>
            <vertex>
                <position x="-0.094388" y="0.000000" z="0.033028"/>
                <normal x="-0.739616" y="-0.621235" z="0.258797"/>
                <colour_diffuse value="1.000000 1.000000 1.000000 1.000000"/>
                <texcoord u="0.012500" v="0.800000"/>
            </vertex>
            <vertex>
                <position x="-0.084672" y="5.999997" z="-0.053203"/>
                <normal x="-0.663503" y="0.621235" z="-0.416883"/>
                <colour_diffuse value="1.000000 1.000000 1.000000 1.000000"/>
                <texcoord u="0.987500" v="0.831250"/>
            </vertex>
            <vertex>
                <position x="-0.084672" y="0.000000" z="-0.053203"/>
                <normal x="-0.663503" y="-0.621235" z="-0.416883"/>
                <colour_diffuse value="1.000000 1.000000 1.000000 1.000000"/>
                <texcoord u="0.012500" v="0.831250"/>
            </vertex>
            <vertex>
                <position x="-0.084672" y="0.000000" z="-0.053203"/>
                <normal x="-0.663503" y="-0.621235" z="-0.416883"/>
                <colour_diffuse value="1.000000 1.000000 1.000000 1.000000"/>
                <texcoord u="0.012500" v="0.987500"/>
            </vertex>
            <vertex>
                <position x="-0.084672" y="5.999997" z="-0.053203"/>
                <normal x="-0.663503" y="0.621235" z="-0.416883"/>
                <colour_diffuse value="1.000000 1.000000 1.000000 1.000000"/>
                <texcoord u="0.987500" v="0.987500"/>
            </vertex>
            <vertex>
                <position x="-0.011196" y="5.999997" z="-0.099371"/>
                <normal x="-0.087710" y="0.621235" z="-0.778680"/>
                <colour_diffuse value="1.000000 1.000000 1.000000 1.000000"/>
                <texcoord u="0.987500" v="0.956250"/>
            </vertex>
            <vertex>
                <position x="-0.011196" y="0.000000" z="-0.099371"/>
                <normal x="-0.087710" y="-0.621235" z="-0.778680"/>
                <colour_diffuse value="1.000000 1.000000 1.000000 1.000000"/>
                <texcoord u="0.012500" v="0.956250"/>
            </vertex>
        </vertexbuffer>
    </sharedgeometry>
    <submeshes>
        <submesh material="Wood" operationtype="triangle_list" use32bitindexes="False" usesharedvertices="true">
            <faces count="28">
                <face v1="34" v2="35" v3="36"/>
                <face v1="37" v2="38" v3="39"/>
                <face v1="34" v2="36" v3="40"/>
                <face v1="37" v2="41" v3="38"/>
                <face v1="34" v2="40" v3="42"/>
                <face v1="37" v2="43" v3="41"/>
                <face v1="34" v2="42" v3="44"/>
                <face v1="37" v2="45" v3="43"/>
                <face v1="34" v2="44" v3="46"/>
                <face v1="37" v2="47" v3="45"/>
                <face v1="34" v2="46" v3="48"/>
                <face v1="37" v2="49" v3="47"/>
                <face v1="48" v2="35" v3="34"/>
                <face v1="37" v2="39" v3="49"/>
                <face v1="50" v2="51" v3="52"/>
                <face v1="50" v2="52" v3="53"/>
                <face v1="53" v2="52" v3="54"/>
                <face v1="53" v2="54" v3="55"/>
                <face v1="55" v2="54" v3="56"/>
                <face v1="55" v2="56" v3="57"/>
                <face v1="58" v2="59" v3="60"/>
                <face v1="58" v2="60" v3="61"/>
                <face v1="61" v2="60" v3="62"/>
                <face v1="61" v2="62" v3="63"/>
                <face v1="64" v2="65" v3="66"/>
                <face v1="64" v2="66" v3="67"/>
                <face v1="51" v2="50" v3="67"/>
                <face v1="51" v2="67" v3="66"/>
            </faces>
        </submesh>
        <submesh material="FlagMat" operationtype="triangle_list" use32bitindexes="False" usesharedvertices="true">
            <faces count="32">
                <face v1="0" v2="1" v3="2"/>
                <face v1="0" v2="2" v3="3"/>
                <face v1="4" v2="5" v3="1"/>
                <face v1="4" v2="1" v3="0"/>
                <face v1="6" v2="7" v3="8"/>
                <face v1="6" v2="8" v3="9"/>
                <face v1="7" v2="3" v3="2"/>
                <face v1="7" v2="2" v3="8"/>
                <face v1="10" v2="11" v3="12"/>
                <face v1="10" v2="12" v3="13"/>
                <face v1="6" v2="9" v3="11"/>
                <face v1="6" v2="11" v3="10"/>
                <face v1="14" v2="15" v3="16"/>
                <face v1="14" v2="16" v3="17"/>
                <face v1="15" v2="13" v3="12"/>
                <face v1="15" v2="12" v3="16"/>
                <face v1="18" v2="19" v3="20"/>
                <face v1="18" v2="20" v3="21"/>
                <face v1="14" v2="17" v3="19"/>
                <face v1="14" v2="19" v3="18"/>
                <face v1="22" v2="23" v3="24"/>
                <face v1="22" v2="24" v3="25"/>
                <face v1="23" v2="21" v3="20"/>
                <face v1="23" v2="20" v3="24"/>
                <face v1="26" v2="27" v3="28"/>
                <face v1="26" v2="28" v3="29"/>
                <face v1="22" v2="25" v3="27"/>
                <face v1="22" v2="27" v3="26"/>
                <face v1="30" v2="31" v3="32"/>
                <face v1="30" v2="32" v3="33"/>
                <face v1="33" v2="29" v3="28"/>
                <face v1="33" v2="28" v3="30"/>
            </faces>
        </submesh>
    </submeshes>
    <submeshnames>
        <submesh index="0" name="Wood"/>
        <submesh index="1" name="FlagMat"/>
    </submeshnames>
</mesh>
