<?xml version="1.0" encoding="UTF-8"?>
<mesh>
    <sharedgeometry vertexcount="384">
        <vertexbuffer colours_diffuse="False" normals="true" positions="true" texture_coords="0">
            <vertex>
                <position x="-5.829931" y="0.020000" z="6.329993"/>
                <normal x="-0.000000" y="1.000000" z="-0.000000"/>
            </vertex>
            <vertex>
                <position x="-6.029931" y="0.020000" z="6.129993"/>
                <normal x="-0.000000" y="1.000000" z="-0.000000"/>
            </vertex>
            <vertex>
                <position x="-6.129931" y="0.020000" z="7.329993"/>
                <normal x="-0.000000" y="1.000000" z="-0.000000"/>
            </vertex>
            <vertex>
                <position x="-5.929932" y="0.020000" z="6.129993"/>
                <normal x="0.000000" y="1.000000" z="-0.000000"/>
            </vertex>
            <vertex>
                <position x="-6.129931" y="0.020000" z="7.329993"/>
                <normal x="0.000000" y="1.000000" z="0.000000"/>
            </vertex>
            <vertex>
                <position x="-7.829931" y="0.020000" z="7.729993"/>
                <normal x="0.000000" y="1.000000" z="0.000000"/>
            </vertex>
            <vertex>
                <position x="-3.629931" y="0.020000" z="7.729993"/>
                <normal x="0.000000" y="1.000000" z="0.000000"/>
            </vertex>
            <vertex>
                <position x="-7.829931" y="0.020000" z="7.729993"/>
                <normal x="-0.000000" y="1.000000" z="-0.000000"/>
            </vertex>
            <vertex>
                <position x="-7.429932" y="0.020000" z="7.329993"/>
                <normal x="-0.000000" y="1.000000" z="-0.000000"/>
            </vertex>
            <vertex>
                <position x="-7.829931" y="0.020000" z="6.329993"/>
                <normal x="-0.000000" y="1.000000" z="-0.000000"/>
            </vertex>
            <vertex>
                <position x="-7.529932" y="0.020000" z="6.329993"/>
                <normal x="0.000000" y="1.000000" z="-0.000000"/>
            </vertex>
            <vertex>
                <position x="-3.629931" y="0.020000" z="7.729993"/>
                <normal x="-0.000000" y="1.000000" z="-0.000000"/>
            </vertex>
            <vertex>
                <position x="-4.829931" y="0.020000" z="6.829993"/>
                <normal x="-0.000000" y="1.000000" z="-0.000000"/>
            </vertex>
            <vertex>
                <position x="-3.529932" y="0.020000" z="6.829993"/>
                <normal x="0.000000" y="1.000000" z="-0.000000"/>
            </vertex>
            <vertex>
                <position x="-4.929932" y="0.020000" z="6.329993"/>
                <normal x="0.000000" y="1.000000" z="-0.000000"/>
            </vertex>
            <vertex>
                <position x="0.170069" y="0.020000" z="5.229993"/>
                <normal x="0.000000" y="1.000000" z="0.000000"/>
            </vertex>
            <vertex>
                <position x="-0.129931" y="0.020000" z="5.229993"/>
                <normal x="0.000000" y="1.000000" z="0.000000"/>
            </vertex>
            <vertex>
                <position x="0.170069" y="0.020000" z="6.129993"/>
                <normal x="0.000000" y="1.000000" z="0.000000"/>
            </vertex>
            <vertex>
                <position x="-0.029931" y="0.020000" z="5.029993"/>
                <normal x="0.000000" y="1.000000" z="-0.000000"/>
            </vertex>
            <vertex>
                <position x="1.770069" y="0.020000" z="7.729993"/>
                <normal x="-0.000000" y="1.000000" z="-0.000000"/>
            </vertex>
            <vertex>
                <position x="1.770069" y="0.020000" z="6.929993"/>
                <normal x="-0.000000" y="1.000000" z="-0.000000"/>
            </vertex>
            <vertex>
                <position x="1.070068" y="0.020000" z="7.629993"/>
                <normal x="-0.000000" y="1.000000" z="-0.000000"/>
            </vertex>
            <vertex>
                <position x="1.170069" y="0.020000" z="6.629993"/>
                <normal x="0.000000" y="1.000000" z="-0.000000"/>
            </vertex>
            <vertex>
                <position x="1.470069" y="0.020000" z="6.629993"/>
                <normal x="0.000000" y="1.000000" z="-0.000000"/>
            </vertex>
            <vertex>
                <position x="-1.129931" y="0.020000" z="5.829993"/>
                <normal x="-0.000000" y="1.000000" z="-0.000000"/>
            </vertex>
            <vertex>
                <position x="-1.029932" y="0.020000" z="5.229993"/>
                <normal x="-0.000000" y="1.000000" z="-0.000000"/>
            </vertex>
            <vertex>
                <position x="-0.129931" y="0.020000" z="5.229993"/>
                <normal x="0.000000" y="1.000000" z="0.000000"/>
            </vertex>
            <vertex>
                <position x="-0.329931" y="0.020000" z="6.229993"/>
                <normal x="0.000000" y="1.000000" z="0.000000"/>
            </vertex>
            <vertex>
                <position x="0.170069" y="0.020000" z="6.129993"/>
                <normal x="0.000000" y="1.000000" z="0.000000"/>
            </vertex>
            <vertex>
                <position x="-1.129931" y="0.020000" z="5.829993"/>
                <normal x="-0.000000" y="1.000000" z="-0.000000"/>
            </vertex>
            <vertex>
                <position x="-0.329931" y="0.020000" z="7.529993"/>
                <normal x="-0.000000" y="1.000000" z="-0.000000"/>
            </vertex>
            <vertex>
                <position x="-2.129931" y="0.020000" z="7.029993"/>
                <normal x="-0.000000" y="1.000000" z="-0.000000"/>
            </vertex>
            <vertex>
                <position x="-2.129931" y="0.020000" z="7.729993"/>
                <normal x="-0.000000" y="1.000000" z="-0.000000"/>
            </vertex>
            <vertex>
                <position x="-2.129931" y="0.020000" z="7.029993"/>
                <normal x="-0.000000" y="1.000000" z="-0.000000"/>
            </vertex>
            <vertex>
                <position x="-1.929931" y="0.020000" z="5.829993"/>
                <normal x="-0.000000" y="1.000000" z="-0.000000"/>
            </vertex>
            <vertex>
                <position x="-0.329931" y="0.020000" z="6.229993"/>
                <normal x="0.000000" y="1.000000" z="0.000000"/>
            </vertex>
            <vertex>
                <position x="-0.329931" y="0.020000" z="7.529993"/>
                <normal x="0.000000" y="1.000000" z="0.000000"/>
            </vertex>
            <vertex>
                <position x="-2.129931" y="0.020000" z="7.729993"/>
                <normal x="-0.000000" y="1.000000" z="-0.000000"/>
            </vertex>
            <vertex>
                <position x="1.670069" y="0.020000" z="6.529993"/>
                <normal x="0.000000" y="1.000000" z="0.000000"/>
            </vertex>
            <vertex>
                <position x="1.870069" y="0.020000" z="6.729993"/>
                <normal x="0.000000" y="1.000000" z="0.000000"/>
            </vertex>
            <vertex>
                <position x="3.170069" y="0.020000" z="5.229993"/>
                <normal x="0.000000" y="1.000000" z="0.000000"/>
            </vertex>
            <vertex>
                <position x="2.270069" y="0.020000" z="5.229993"/>
                <normal x="0.000000" y="1.000000" z="0.000000"/>
            </vertex>
            <vertex>
                <position x="3.170069" y="0.020000" z="6.129993"/>
                <normal x="0.000000" y="1.000000" z="0.000000"/>
            </vertex>
            <vertex>
                <position x="2.170069" y="0.020000" z="4.829993"/>
                <normal x="0.000000" y="1.000000" z="0.000000"/>
            </vertex>
            <vertex>
                <position x="1.670069" y="0.020000" z="5.229993"/>
                <normal x="0.000000" y="1.000000" z="0.000000"/>
            </vertex>
            <vertex>
                <position x="1.470069" y="0.020000" z="4.829993"/>
                <normal x="-0.000000" y="1.000000" z="-0.000000"/>
            </vertex>
            <vertex>
                <position x="1.470069" y="0.020000" z="5.129993"/>
                <normal x="-0.000000" y="1.000000" z="-0.000000"/>
            </vertex>
            <vertex>
                <position x="4.970069" y="0.020000" z="7.729993"/>
                <normal x="-0.000000" y="1.000000" z="-0.000000"/>
            </vertex>
            <vertex>
                <position x="3.770069" y="0.020000" z="7.129993"/>
                <normal x="-0.000000" y="1.000000" z="-0.000000"/>
            </vertex>
            <vertex>
                <position x="3.270069" y="0.020000" z="7.729993"/>
                <normal x="-0.000000" y="1.000000" z="-0.000000"/>
            </vertex>
            <vertex>
                <position x="4.970069" y="0.020000" z="7.129993"/>
                <normal x="0.000000" y="1.000000" z="-0.000000"/>
            </vertex>
            <vertex>
                <position x="3.170069" y="0.020000" z="6.729993"/>
                <normal x="0.000000" y="1.000000" z="0.000000"/>
            </vertex>
            <vertex>
                <position x="3.670069" y="0.020000" z="6.229993"/>
                <normal x="0.000000" y="1.000000" z="-0.000000"/>
            </vertex>
            <vertex>
                <position x="4.970069" y="0.020000" z="7.129993"/>
                <normal x="0.000000" y="1.000000" z="0.000000"/>
            </vertex>
            <vertex>
                <position x="4.970069" y="0.020000" z="7.729993"/>
                <normal x="0.000000" y="1.000000" z="0.000000"/>
            </vertex>
            <vertex>
                <position x="5.170069" y="0.020000" z="7.029993"/>
                <normal x="0.000000" y="1.000000" z="0.000000"/>
            </vertex>
            <vertex>
                <position x="5.670069" y="0.020000" z="4.229993"/>
                <normal x="0.000000" y="1.000000" z="0.000000"/>
            </vertex>
            <vertex>
                <position x="5.670069" y="0.020000" z="4.829993"/>
                <normal x="0.000000" y="1.000000" z="0.000000"/>
            </vertex>
            <vertex>
                <position x="6.370069" y="0.020000" z="4.229993"/>
                <normal x="0.000000" y="1.000000" z="0.000000"/>
            </vertex>
            <vertex>
                <position x="6.470069" y="0.020000" z="3.529993"/>
                <normal x="0.000000" y="1.000000" z="0.000000"/>
            </vertex>
            <vertex>
                <position x="7.770069" y="0.020000" z="3.629993"/>
                <normal x="0.000000" y="1.000000" z="0.000000"/>
            </vertex>
            <vertex>
                <position x="5.670069" y="0.020000" z="6.129993"/>
                <normal x="0.000000" y="1.000000" z="0.000000"/>
            </vertex>
            <vertex>
                <position x="5.170069" y="0.020000" z="7.029993"/>
                <normal x="0.000000" y="1.000000" z="0.000000"/>
            </vertex>
            <vertex>
                <position x="7.770069" y="0.020000" z="7.729993"/>
                <normal x="0.000000" y="1.000000" z="0.000000"/>
            </vertex>
            <vertex>
                <position x="7.770069" y="0.020000" z="7.729993"/>
                <normal x="-0.000000" y="1.000000" z="-0.000000"/>
            </vertex>
            <vertex>
                <position x="-1.529932" y="0.020000" z="3.829993"/>
                <normal x="-0.000000" y="1.000000" z="-0.000000"/>
            </vertex>
            <vertex>
                <position x="-1.529932" y="0.020000" z="3.429993"/>
                <normal x="-0.000000" y="1.000000" z="-0.000000"/>
            </vertex>
            <vertex>
                <position x="-2.429931" y="0.020000" z="3.429993"/>
                <normal x="-0.000000" y="1.000000" z="-0.000000"/>
            </vertex>
            <vertex>
                <position x="-1.529932" y="0.020000" z="3.429993"/>
                <normal x="0.000000" y="1.000000" z="0.000000"/>
            </vertex>
            <vertex>
                <position x="-1.529932" y="0.020000" z="3.829993"/>
                <normal x="0.000000" y="1.000000" z="0.000000"/>
            </vertex>
            <vertex>
                <position x="-1.329931" y="0.020000" z="3.729993"/>
                <normal x="0.000000" y="1.000000" z="0.000000"/>
            </vertex>
            <vertex>
                <position x="-2.529932" y="0.020000" z="4.429993"/>
                <normal x="0.000000" y="1.000000" z="0.000000"/>
            </vertex>
            <vertex>
                <position x="-4.329931" y="0.020000" z="4.429993"/>
                <normal x="0.000000" y="1.000000" z="0.000000"/>
            </vertex>
            <vertex>
                <position x="-3.429931" y="0.020000" z="5.429993"/>
                <normal x="0.000000" y="1.000000" z="0.000000"/>
            </vertex>
            <vertex>
                <position x="-4.429932" y="0.020000" z="5.029993"/>
                <normal x="-0.000000" y="1.000000" z="-0.000000"/>
            </vertex>
            <vertex>
                <position x="-4.429932" y="0.020000" z="5.329993"/>
                <normal x="-0.000000" y="1.000000" z="-0.000000"/>
            </vertex>
            <vertex>
                <position x="-4.329931" y="0.020000" z="4.429993"/>
                <normal x="0.000000" y="1.000000" z="-0.000000"/>
            </vertex>
            <vertex>
                <position x="-2.529932" y="0.020000" z="4.429993"/>
                <normal x="0.000000" y="1.000000" z="-0.000000"/>
            </vertex>
            <vertex>
                <position x="-2.529932" y="0.020000" z="4.229993"/>
                <normal x="0.000000" y="1.000000" z="-0.000000"/>
            </vertex>
            <vertex>
                <position x="-2.529932" y="0.020000" z="5.729993"/>
                <normal x="0.000000" y="1.000000" z="-0.000000"/>
            </vertex>
            <vertex>
                <position x="-2.529932" y="0.020000" z="5.729993"/>
                <normal x="0.000000" y="1.000000" z="0.000000"/>
            </vertex>
            <vertex>
                <position x="-3.529932" y="0.020000" z="6.829993"/>
                <normal x="0.000000" y="1.000000" z="0.000000"/>
            </vertex>
            <vertex>
                <position x="-2.229931" y="0.020000" z="6.829993"/>
                <normal x="0.000000" y="1.000000" z="0.000000"/>
            </vertex>
            <vertex>
                <position x="-2.229931" y="0.020000" z="6.829993"/>
                <normal x="0.000000" y="1.000000" z="-0.000000"/>
            </vertex>
            <vertex>
                <position x="-1.529932" y="0.020000" z="4.329993"/>
                <normal x="-0.000000" y="1.000000" z="-0.000000"/>
            </vertex>
            <vertex>
                <position x="-2.529932" y="0.020000" z="4.229993"/>
                <normal x="-0.000000" y="1.000000" z="-0.000000"/>
            </vertex>
            <vertex>
                <position x="-2.429931" y="0.020000" z="3.429993"/>
                <normal x="0.000000" y="1.000000" z="-0.000000"/>
            </vertex>
            <vertex>
                <position x="-6.929932" y="0.020000" z="3.329993"/>
                <normal x="0.000000" y="1.000000" z="-0.000000"/>
            </vertex>
            <vertex>
                <position x="-6.829931" y="0.020000" z="3.629993"/>
                <normal x="0.000000" y="1.000000" z="-0.000000"/>
            </vertex>
            <vertex>
                <position x="-6.729931" y="0.020000" z="3.329993"/>
                <normal x="0.000000" y="1.000000" z="-0.000000"/>
            </vertex>
            <vertex>
                <position x="-6.829931" y="0.020000" z="3.629993"/>
                <normal x="-0.000000" y="1.000000" z="-0.000000"/>
            </vertex>
            <vertex>
                <position x="-6.929932" y="0.020000" z="3.329993"/>
                <normal x="-0.000000" y="1.000000" z="-0.000000"/>
            </vertex>
            <vertex>
                <position x="-7.029932" y="0.020000" z="3.529993"/>
                <normal x="-0.000000" y="1.000000" z="-0.000000"/>
            </vertex>
            <vertex>
                <position x="-6.829931" y="0.020000" z="4.929993"/>
                <normal x="0.000000" y="1.000000" z="-0.000000"/>
            </vertex>
            <vertex>
                <position x="-6.129931" y="0.020000" z="5.829993"/>
                <normal x="0.000000" y="1.000000" z="-0.000000"/>
            </vertex>
            <vertex>
                <position x="-5.829931" y="0.020000" z="4.829993"/>
                <normal x="0.000000" y="1.000000" z="-0.000000"/>
            </vertex>
            <vertex>
                <position x="-7.429932" y="0.020000" z="5.829993"/>
                <normal x="-0.000000" y="1.000000" z="-0.000000"/>
            </vertex>
            <vertex>
                <position x="-4.529931" y="0.020000" z="4.829993"/>
                <normal x="-0.000000" y="1.000000" z="-0.000000"/>
            </vertex>
            <vertex>
                <position x="-4.929932" y="0.020000" z="4.329993"/>
                <normal x="-0.000000" y="1.000000" z="0.000000"/>
            </vertex>
            <vertex>
                <position x="-6.629931" y="0.020000" z="4.329993"/>
                <normal x="-0.000000" y="1.000000" z="-0.000000"/>
            </vertex>
            <vertex>
                <position x="-5.229931" y="0.020000" z="4.229993"/>
                <normal x="0.000000" y="1.000000" z="-0.000000"/>
            </vertex>
            <vertex>
                <position x="-7.829931" y="0.020000" z="5.029993"/>
                <normal x="0.000000" y="1.000000" z="-0.000000"/>
            </vertex>
            <vertex>
                <position x="-5.629931" y="0.020000" z="1.829993"/>
                <normal x="0.000000" y="1.000000" z="0.000000"/>
            </vertex>
            <vertex>
                <position x="-5.629931" y="0.020000" z="2.829993"/>
                <normal x="0.000000" y="1.000000" z="0.000000"/>
            </vertex>
            <vertex>
                <position x="-5.229931" y="0.020000" z="2.929993"/>
                <normal x="0.000000" y="1.000000" z="0.000000"/>
            </vertex>
            <vertex>
                <position x="-5.729931" y="0.020000" z="1.829993"/>
                <normal x="-0.000000" y="1.000000" z="-0.000000"/>
            </vertex>
            <vertex>
                <position x="-5.229931" y="0.020000" z="4.229993"/>
                <normal x="0.000000" y="1.000000" z="-0.000000"/>
            </vertex>
            <vertex>
                <position x="-4.929932" y="0.020000" z="3.029993"/>
                <normal x="0.000000" y="1.000000" z="-0.000000"/>
            </vertex>
            <vertex>
                <position x="-5.229931" y="0.020000" z="2.929993"/>
                <normal x="0.000000" y="1.000000" z="-0.000000"/>
            </vertex>
            <vertex>
                <position x="-4.929932" y="0.020000" z="3.029993"/>
                <normal x="0.000000" y="1.000000" z="0.000000"/>
            </vertex>
            <vertex>
                <position x="-2.929931" y="0.020000" z="2.729993"/>
                <normal x="-0.000000" y="1.000000" z="-0.000000"/>
            </vertex>
            <vertex>
                <position x="-2.929931" y="0.020000" z="2.129993"/>
                <normal x="-0.000000" y="1.000000" z="-0.000000"/>
            </vertex>
            <vertex>
                <position x="-3.829931" y="0.020000" z="2.729993"/>
                <normal x="-0.000000" y="1.000000" z="-0.000000"/>
            </vertex>
            <vertex>
                <position x="-3.429931" y="0.020000" z="1.629993"/>
                <normal x="0.000000" y="1.000000" z="-0.000000"/>
            </vertex>
            <vertex>
                <position x="-3.929931" y="0.020000" z="2.929993"/>
                <normal x="-0.000000" y="1.000000" z="-0.000000"/>
            </vertex>
            <vertex>
                <position x="1.170069" y="0.020000" z="4.729993"/>
                <normal x="-0.000000" y="1.000000" z="-0.000000"/>
            </vertex>
            <vertex>
                <position x="1.070068" y="0.020000" z="1.629993"/>
                <normal x="-0.000000" y="1.000000" z="-0.000000"/>
            </vertex>
            <vertex>
                <position x="0.570068" y="0.020000" z="1.229993"/>
                <normal x="-0.000000" y="1.000000" z="-0.000000"/>
            </vertex>
            <vertex>
                <position x="0.470069" y="0.020000" z="2.229993"/>
                <normal x="-0.000000" y="1.000000" z="-0.000000"/>
            </vertex>
            <vertex>
                <position x="0.970069" y="0.020000" z="1.129993"/>
                <normal x="0.000000" y="1.000000" z="-0.000000"/>
            </vertex>
            <vertex>
                <position x="4.270069" y="0.020000" z="3.129993"/>
                <normal x="-0.000000" y="1.000000" z="-0.000000"/>
            </vertex>
            <vertex>
                <position x="3.770069" y="0.020000" z="2.729993"/>
                <normal x="-0.000000" y="1.000000" z="-0.000000"/>
            </vertex>
            <vertex>
                <position x="3.670069" y="0.020000" z="3.229993"/>
                <normal x="-0.000000" y="1.000000" z="-0.000000"/>
            </vertex>
            <vertex>
                <position x="4.170069" y="0.020000" z="2.729993"/>
                <normal x="0.000000" y="1.000000" z="-0.000000"/>
            </vertex>
            <vertex>
                <position x="2.370069" y="0.020000" z="3.229993"/>
                <normal x="0.000000" y="1.000000" z="-0.000000"/>
            </vertex>
            <vertex>
                <position x="2.570068" y="0.020000" z="3.329993"/>
                <normal x="0.000000" y="1.000000" z="-0.000000"/>
            </vertex>
            <vertex>
                <position x="1.270069" y="0.020000" z="3.329993"/>
                <normal x="-0.000000" y="1.000000" z="-0.000000"/>
            </vertex>
            <vertex>
                <position x="-0.829931" y="0.020000" z="2.229993"/>
                <normal x="-0.000000" y="1.000000" z="-0.000000"/>
            </vertex>
            <vertex>
                <position x="-1.529932" y="0.020000" z="1.929993"/>
                <normal x="-0.000000" y="1.000000" z="-0.000000"/>
            </vertex>
            <vertex>
                <position x="-1.529932" y="0.020000" z="1.929993"/>
                <normal x="-0.000000" y="1.000000" z="-0.000000"/>
            </vertex>
            <vertex>
                <position x="-0.929931" y="0.020000" z="1.629993"/>
                <normal x="-0.000000" y="1.000000" z="-0.000000"/>
            </vertex>
            <vertex>
                <position x="-1.429931" y="0.020000" z="1.629993"/>
                <normal x="-0.000000" y="1.000000" z="-0.000000"/>
            </vertex>
            <vertex>
                <position x="-0.929931" y="0.020000" z="1.629993"/>
                <normal x="0.000000" y="1.000000" z="0.000000"/>
            </vertex>
            <vertex>
                <position x="-0.129931" y="0.020000" z="3.729993"/>
                <normal x="0.000000" y="1.000000" z="-0.000000"/>
            </vertex>
            <vertex>
                <position x="2.370069" y="0.020000" z="1.729993"/>
                <normal x="0.000000" y="1.000000" z="0.000000"/>
            </vertex>
            <vertex>
                <position x="4.970069" y="0.020000" z="4.129993"/>
                <normal x="-0.000000" y="1.000000" z="-0.000000"/>
            </vertex>
            <vertex>
                <position x="4.670069" y="0.020000" z="4.729993"/>
                <normal x="-0.000000" y="1.000000" z="-0.000000"/>
            </vertex>
            <vertex>
                <position x="-0.129931" y="0.020000" z="3.729993"/>
                <normal x="-0.000000" y="1.000000" z="0.000000"/>
            </vertex>
            <vertex>
                <position x="-1.329931" y="0.020000" z="3.729993"/>
                <normal x="-0.000000" y="1.000000" z="0.000000"/>
            </vertex>
            <vertex>
                <position x="4.670069" y="0.020000" z="4.729993"/>
                <normal x="0.000000" y="1.000000" z="-0.000000"/>
            </vertex>
            <vertex>
                <position x="4.970069" y="0.020000" z="4.129993"/>
                <normal x="0.000000" y="1.000000" z="-0.000000"/>
            </vertex>
            <vertex>
                <position x="4.570068" y="0.020000" z="3.729993"/>
                <normal x="0.000000" y="1.000000" z="-0.000000"/>
            </vertex>
            <vertex>
                <position x="4.570068" y="0.020000" z="3.729993"/>
                <normal x="-0.000000" y="1.000000" z="-0.000000"/>
            </vertex>
            <vertex>
                <position x="4.970069" y="0.020000" z="3.129993"/>
                <normal x="-0.000000" y="1.000000" z="-0.000000"/>
            </vertex>
            <vertex>
                <position x="2.370069" y="0.020000" z="1.629993"/>
                <normal x="0.000000" y="1.000000" z="0.000000"/>
            </vertex>
            <vertex>
                <position x="2.670069" y="0.020000" z="3.729993"/>
                <normal x="-0.000000" y="1.000000" z="-0.000000"/>
            </vertex>
            <vertex>
                <position x="3.670069" y="0.020000" z="3.229993"/>
                <normal x="0.000000" y="1.000000" z="0.000000"/>
            </vertex>
            <vertex>
                <position x="2.670069" y="0.020000" z="3.729993"/>
                <normal x="0.000000" y="1.000000" z="0.000000"/>
            </vertex>
            <vertex>
                <position x="1.570068" y="0.020000" z="-1.770007"/>
                <normal x="0.000000" y="1.000000" z="-0.000000"/>
            </vertex>
            <vertex>
                <position x="1.870069" y="0.020000" z="-1.470007"/>
                <normal x="0.000000" y="1.000000" z="-0.000000"/>
            </vertex>
            <vertex>
                <position x="2.670069" y="0.020000" z="-1.770007"/>
                <normal x="0.000000" y="1.000000" z="-0.000000"/>
            </vertex>
            <vertex>
                <position x="1.470069" y="0.020000" z="-1.570007"/>
                <normal x="-0.000000" y="1.000000" z="-0.000000"/>
            </vertex>
            <vertex>
                <position x="3.070068" y="0.020000" z="-1.470007"/>
                <normal x="-0.000000" y="1.000000" z="-0.000000"/>
            </vertex>
            <vertex>
                <position x="2.770069" y="0.020000" z="-1.970007"/>
                <normal x="-0.000000" y="1.000000" z="-0.000000"/>
            </vertex>
            <vertex>
                <position x="2.670069" y="0.020000" z="-1.770007"/>
                <normal x="-0.000000" y="1.000000" z="-0.000000"/>
            </vertex>
            <vertex>
                <position x="2.770069" y="0.020000" z="-1.970007"/>
                <normal x="0.000000" y="1.000000" z="-0.000000"/>
            </vertex>
            <vertex>
                <position x="3.070068" y="0.020000" z="-1.470007"/>
                <normal x="0.000000" y="1.000000" z="-0.000000"/>
            </vertex>
            <vertex>
                <position x="3.270069" y="0.020000" z="-1.570007"/>
                <normal x="0.000000" y="1.000000" z="-0.000000"/>
            </vertex>
            <vertex>
                <position x="2.870069" y="0.020000" z="-0.770007"/>
                <normal x="0.000000" y="1.000000" z="-0.000000"/>
            </vertex>
            <vertex>
                <position x="3.170069" y="0.020000" z="-0.070007"/>
                <normal x="0.000000" y="1.000000" z="-0.000000"/>
            </vertex>
            <vertex>
                <position x="2.870069" y="0.020000" z="0.529993"/>
                <normal x="-0.000000" y="1.000000" z="-0.000000"/>
            </vertex>
            <vertex>
                <position x="5.670069" y="0.020000" z="2.729993"/>
                <normal x="0.000000" y="1.000000" z="-0.000000"/>
            </vertex>
            <vertex>
                <position x="6.270069" y="0.020000" z="2.129993"/>
                <normal x="0.000000" y="1.000000" z="-0.000000"/>
            </vertex>
            <vertex>
                <position x="5.570068" y="0.020000" z="0.729993"/>
                <normal x="0.000000" y="1.000000" z="-0.000000"/>
            </vertex>
            <vertex>
                <position x="6.370069" y="0.020000" z="-0.270007"/>
                <normal x="-0.000000" y="1.000000" z="-0.000000"/>
            </vertex>
            <vertex>
                <position x="5.570068" y="0.020000" z="-0.270007"/>
                <normal x="-0.000000" y="1.000000" z="-0.000000"/>
            </vertex>
            <vertex>
                <position x="5.670069" y="0.020000" z="-0.470007"/>
                <normal x="0.000000" y="1.000000" z="-0.000000"/>
            </vertex>
            <vertex>
                <position x="2.470069" y="0.020000" z="0.629993"/>
                <normal x="0.000000" y="1.000000" z="0.000000"/>
            </vertex>
            <vertex>
                <position x="3.270069" y="0.020000" z="1.229993"/>
                <normal x="0.000000" y="1.000000" z="0.000000"/>
            </vertex>
            <vertex>
                <position x="3.170069" y="0.020000" z="1.729993"/>
                <normal x="0.000000" y="1.000000" z="0.000000"/>
            </vertex>
            <vertex>
                <position x="1.870069" y="0.020000" z="-0.870008"/>
                <normal x="-0.000000" y="1.000000" z="-0.000000"/>
            </vertex>
            <vertex>
                <position x="4.470069" y="0.020000" z="-0.070007"/>
                <normal x="0.000000" y="1.000000" z="0.000000"/>
            </vertex>
            <vertex>
                <position x="4.270069" y="0.020000" z="0.729993"/>
                <normal x="0.000000" y="1.000000" z="0.000000"/>
            </vertex>
            <vertex>
                <position x="6.370069" y="0.020000" z="2.729993"/>
                <normal x="-0.000000" y="1.000000" z="0.000000"/>
            </vertex>
            <vertex>
                <position x="7.770069" y="0.020000" z="2.129993"/>
                <normal x="0.000000" y="1.000000" z="-0.000000"/>
            </vertex>
            <vertex>
                <position x="4.170069" y="0.020000" z="1.229993"/>
                <normal x="-0.000000" y="1.000000" z="-0.000000"/>
            </vertex>
            <vertex>
                <position x="4.570068" y="0.020000" z="-0.270007"/>
                <normal x="-0.000000" y="1.000000" z="-0.000000"/>
            </vertex>
            <vertex>
                <position x="5.570068" y="0.020000" z="-0.270007"/>
                <normal x="0.000000" y="1.000000" z="0.000000"/>
            </vertex>
            <vertex>
                <position x="4.470069" y="0.020000" z="-0.070007"/>
                <normal x="0.000000" y="1.000000" z="0.000000"/>
            </vertex>
            <vertex>
                <position x="5.570068" y="0.020000" z="0.729993"/>
                <normal x="0.000000" y="1.000000" z="0.000000"/>
            </vertex>
            <vertex>
                <position x="-7.029932" y="0.020000" z="3.529993"/>
                <normal x="-0.000000" y="1.000000" z="-0.000000"/>
            </vertex>
            <vertex>
                <position x="-7.129931" y="0.020000" z="3.229993"/>
                <normal x="-0.000000" y="1.000000" z="-0.000000"/>
            </vertex>
            <vertex>
                <position x="-7.829931" y="0.020000" z="3.529993"/>
                <normal x="-0.000000" y="1.000000" z="-0.000000"/>
            </vertex>
            <vertex>
                <position x="-7.129931" y="0.020000" z="1.929993"/>
                <normal x="0.000000" y="1.000000" z="-0.000000"/>
            </vertex>
            <vertex>
                <position x="-7.829931" y="0.020000" z="0.329993"/>
                <normal x="0.000000" y="1.000000" z="-0.000000"/>
            </vertex>
            <vertex>
                <position x="-5.729931" y="0.020000" z="0.529993"/>
                <normal x="-0.000000" y="1.000000" z="-0.000000"/>
            </vertex>
            <vertex>
                <position x="-6.329931" y="0.020000" z="0.329993"/>
                <normal x="-0.000000" y="1.000000" z="-0.000000"/>
            </vertex>
            <vertex>
                <position x="-6.329931" y="0.020000" z="0.329993"/>
                <normal x="0.000000" y="1.000000" z="-0.000000"/>
            </vertex>
            <vertex>
                <position x="-5.729931" y="0.020000" z="1.829993"/>
                <normal x="0.000000" y="1.000000" z="-0.000000"/>
            </vertex>
            <vertex>
                <position x="-5.729931" y="0.020000" z="0.529993"/>
                <normal x="0.000000" y="1.000000" z="-0.000000"/>
            </vertex>
            <vertex>
                <position x="-1.929931" y="0.020000" z="1.529993"/>
                <normal x="-0.000000" y="1.000000" z="-0.000000"/>
            </vertex>
            <vertex>
                <position x="-2.829931" y="0.020000" z="1.929993"/>
                <normal x="-0.000000" y="1.000000" z="-0.000000"/>
            </vertex>
            <vertex>
                <position x="-1.429931" y="0.020000" z="1.629993"/>
                <normal x="0.000000" y="1.000000" z="-0.000000"/>
            </vertex>
            <vertex>
                <position x="-3.229931" y="0.020000" z="1.529993"/>
                <normal x="0.000000" y="1.000000" z="-0.000000"/>
            </vertex>
            <vertex>
                <position x="-3.229931" y="0.020000" z="1.529993"/>
                <normal x="0.000000" y="1.000000" z="-0.000000"/>
            </vertex>
            <vertex>
                <position x="-2.929931" y="0.020000" z="2.129993"/>
                <normal x="0.000000" y="1.000000" z="-0.000000"/>
            </vertex>
            <vertex>
                <position x="-2.829931" y="0.020000" z="1.929993"/>
                <normal x="0.000000" y="1.000000" z="-0.000000"/>
            </vertex>
            <vertex>
                <position x="-2.929931" y="0.020000" z="0.929993"/>
                <normal x="-0.000000" y="1.000000" z="-0.000000"/>
            </vertex>
            <vertex>
                <position x="-1.929931" y="0.020000" z="1.029993"/>
                <normal x="0.000000" y="1.000000" z="-0.000000"/>
            </vertex>
            <vertex>
                <position x="-4.529931" y="0.020000" z="-0.570007"/>
                <normal x="0.000000" y="1.000000" z="-0.000000"/>
            </vertex>
            <vertex>
                <position x="-4.429932" y="0.020000" z="0.129993"/>
                <normal x="0.000000" y="1.000000" z="-0.000000"/>
            </vertex>
            <vertex>
                <position x="-4.329931" y="0.020000" z="-0.670007"/>
                <normal x="0.000000" y="1.000000" z="-0.000000"/>
            </vertex>
            <vertex>
                <position x="-2.929931" y="0.020000" z="-0.370008"/>
                <normal x="0.000000" y="1.000000" z="-0.000000"/>
            </vertex>
            <vertex>
                <position x="-2.529932" y="0.020000" z="-0.470007"/>
                <normal x="0.000000" y="1.000000" z="-0.000000"/>
            </vertex>
            <vertex>
                <position x="-3.429931" y="0.020000" z="-1.170007"/>
                <normal x="0.000000" y="1.000000" z="-0.000000"/>
            </vertex>
            <vertex>
                <position x="-2.429931" y="0.020000" z="-1.470007"/>
                <normal x="0.000000" y="1.000000" z="-0.000000"/>
            </vertex>
            <vertex>
                <position x="-3.329931" y="0.020000" z="-1.570007"/>
                <normal x="0.000000" y="1.000000" z="-0.000000"/>
            </vertex>
            <vertex>
                <position x="-2.429931" y="0.020000" z="-1.570007"/>
                <normal x="0.000000" y="1.000000" z="-0.000000"/>
            </vertex>
            <vertex>
                <position x="-2.429931" y="0.020000" z="-1.470007"/>
                <normal x="0.000000" y="1.000000" z="0.000000"/>
            </vertex>
            <vertex>
                <position x="-3.429931" y="0.020000" z="-1.170007"/>
                <normal x="0.000000" y="1.000000" z="0.000000"/>
            </vertex>
            <vertex>
                <position x="-2.529932" y="0.020000" z="-0.470007"/>
                <normal x="0.000000" y="1.000000" z="0.000000"/>
            </vertex>
            <vertex>
                <position x="-3.229931" y="0.020000" z="0.229993"/>
                <normal x="0.000000" y="1.000000" z="-0.000000"/>
            </vertex>
            <vertex>
                <position x="-4.329931" y="0.020000" z="-1.170007"/>
                <normal x="0.000000" y="1.000000" z="0.000000"/>
            </vertex>
            <vertex>
                <position x="-4.429932" y="0.020000" z="0.129993"/>
                <normal x="0.000000" y="1.000000" z="-0.000000"/>
            </vertex>
            <vertex>
                <position x="-3.229931" y="0.020000" z="0.229993"/>
                <normal x="0.000000" y="1.000000" z="-0.000000"/>
            </vertex>
            <vertex>
                <position x="-4.329931" y="0.020000" z="-0.670007"/>
                <normal x="0.000000" y="1.000000" z="-0.000000"/>
            </vertex>
            <vertex>
                <position x="-2.929931" y="0.020000" z="-0.370008"/>
                <normal x="-0.000000" y="1.000000" z="0.000000"/>
            </vertex>
            <vertex>
                <position x="1.270069" y="0.020000" z="-1.870008"/>
                <normal x="-0.000000" y="1.000000" z="-0.000000"/>
            </vertex>
            <vertex>
                <position x="0.870069" y="0.020000" z="-1.570007"/>
                <normal x="-0.000000" y="1.000000" z="-0.000000"/>
            </vertex>
            <vertex>
                <position x="-0.629931" y="0.020000" z="-1.970007"/>
                <normal x="-0.000000" y="1.000000" z="-0.000000"/>
            </vertex>
            <vertex>
                <position x="-0.029931" y="0.020000" z="-3.570007"/>
                <normal x="-0.000000" y="1.000000" z="-0.000000"/>
            </vertex>
            <vertex>
                <position x="-1.329931" y="0.020000" z="-3.270007"/>
                <normal x="-0.000000" y="1.000000" z="-0.000000"/>
            </vertex>
            <vertex>
                <position x="-0.029931" y="0.020000" z="-3.570007"/>
                <normal x="0.000000" y="1.000000" z="-0.000000"/>
            </vertex>
            <vertex>
                <position x="1.370069" y="0.020000" z="-3.270007"/>
                <normal x="0.000000" y="1.000000" z="-0.000000"/>
            </vertex>
            <vertex>
                <position x="1.170069" y="0.020000" z="-3.570007"/>
                <normal x="0.000000" y="1.000000" z="-0.000000"/>
            </vertex>
            <vertex>
                <position x="0.770069" y="0.020000" z="-2.070007"/>
                <normal x="-0.000000" y="1.000000" z="0.000000"/>
            </vertex>
            <vertex>
                <position x="-0.629931" y="0.020000" z="-1.970007"/>
                <normal x="-0.000000" y="1.000000" z="-0.000000"/>
            </vertex>
            <vertex>
                <position x="0.970069" y="0.020000" z="0.229993"/>
                <normal x="-0.000000" y="1.000000" z="-0.000000"/>
            </vertex>
            <vertex>
                <position x="1.370069" y="0.020000" z="-0.070007"/>
                <normal x="-0.000000" y="1.000000" z="-0.000000"/>
            </vertex>
            <vertex>
                <position x="0.470069" y="0.020000" z="-0.070007"/>
                <normal x="-0.000000" y="1.000000" z="-0.000000"/>
            </vertex>
            <vertex>
                <position x="1.370069" y="0.020000" z="0.129993"/>
                <normal x="0.000000" y="1.000000" z="0.000000"/>
            </vertex>
            <vertex>
                <position x="-1.429931" y="0.020000" z="0.129993"/>
                <normal x="0.000000" y="1.000000" z="-0.000000"/>
            </vertex>
            <vertex>
                <position x="-0.529932" y="0.020000" z="0.129993"/>
                <normal x="0.000000" y="1.000000" z="-0.000000"/>
            </vertex>
            <vertex>
                <position x="-1.029932" y="0.020000" z="-0.070007"/>
                <normal x="0.000000" y="1.000000" z="-0.000000"/>
            </vertex>
            <vertex>
                <position x="-1.129931" y="0.020000" z="-1.470007"/>
                <normal x="0.000000" y="1.000000" z="-0.000000"/>
            </vertex>
            <vertex>
                <position x="-0.529932" y="0.020000" z="-0.570007"/>
                <normal x="0.000000" y="1.000000" z="-0.000000"/>
            </vertex>
            <vertex>
                <position x="-1.029932" y="0.020000" z="-0.070007"/>
                <normal x="0.000000" y="1.000000" z="0.000000"/>
            </vertex>
            <vertex>
                <position x="-0.529932" y="0.020000" z="0.129993"/>
                <normal x="0.000000" y="1.000000" z="0.000000"/>
            </vertex>
            <vertex>
                <position x="0.470069" y="0.020000" z="0.729993"/>
                <normal x="0.000000" y="1.000000" z="0.000000"/>
            </vertex>
            <vertex>
                <position x="-1.329931" y="0.020000" z="-3.270007"/>
                <normal x="-0.000000" y="1.000000" z="-0.000000"/>
            </vertex>
            <vertex>
                <position x="-2.429931" y="0.020000" z="-3.070007"/>
                <normal x="-0.000000" y="1.000000" z="-0.000000"/>
            </vertex>
            <vertex>
                <position x="-2.429931" y="0.020000" z="-3.270007"/>
                <normal x="0.000000" y="1.000000" z="0.000000"/>
            </vertex>
            <vertex>
                <position x="-0.429931" y="0.020000" z="0.729993"/>
                <normal x="-0.000000" y="1.000000" z="0.000000"/>
            </vertex>
            <vertex>
                <position x="0.370069" y="0.020000" z="-0.570007"/>
                <normal x="0.000000" y="1.000000" z="-0.000000"/>
            </vertex>
            <vertex>
                <position x="-1.229931" y="0.020000" z="-4.170007"/>
                <normal x="-0.000000" y="1.000000" z="-0.000000"/>
            </vertex>
            <vertex>
                <position x="-0.129931" y="0.020000" z="-4.270007"/>
                <normal x="0.000000" y="1.000000" z="-0.000000"/>
            </vertex>
            <vertex>
                <position x="-5.629931" y="0.020000" z="0.329993"/>
                <normal x="0.000000" y="1.000000" z="-0.000000"/>
            </vertex>
            <vertex>
                <position x="-5.829931" y="0.020000" z="-0.670007"/>
                <normal x="0.000000" y="1.000000" z="-0.000000"/>
            </vertex>
            <vertex>
                <position x="-4.729931" y="0.020000" z="0.329993"/>
                <normal x="0.000000" y="1.000000" z="0.000000"/>
            </vertex>
            <vertex>
                <position x="-6.329931" y="0.020000" z="-1.970007"/>
                <normal x="-0.000000" y="1.000000" z="-0.000000"/>
            </vertex>
            <vertex>
                <position x="-6.529932" y="0.020000" z="-2.770007"/>
                <normal x="-0.000000" y="1.000000" z="-0.000000"/>
            </vertex>
            <vertex>
                <position x="-7.829931" y="0.020000" z="-1.970007"/>
                <normal x="-0.000000" y="1.000000" z="-0.000000"/>
            </vertex>
            <vertex>
                <position x="-5.829931" y="0.020000" z="-2.670007"/>
                <normal x="0.000000" y="1.000000" z="-0.000000"/>
            </vertex>
            <vertex>
                <position x="-7.829931" y="0.020000" z="-3.570007"/>
                <normal x="-0.000000" y="1.000000" z="-0.000000"/>
            </vertex>
            <vertex>
                <position x="-6.529932" y="0.020000" z="-3.470007"/>
                <normal x="0.000000" y="1.000000" z="-0.000000"/>
            </vertex>
            <vertex>
                <position x="6.070068" y="0.020000" z="-5.770007"/>
                <normal x="-0.000000" y="1.000000" z="-0.000000"/>
            </vertex>
            <vertex>
                <position x="5.770069" y="0.020000" z="-5.970007"/>
                <normal x="-0.000000" y="1.000000" z="-0.000000"/>
            </vertex>
            <vertex>
                <position x="5.770069" y="0.020000" z="-4.870008"/>
                <normal x="-0.000000" y="1.000000" z="-0.000000"/>
            </vertex>
            <vertex>
                <position x="5.970069" y="0.020000" z="-6.070007"/>
                <normal x="0.000000" y="1.000000" z="-0.000000"/>
            </vertex>
            <vertex>
                <position x="6.970069" y="0.020000" z="-1.770007"/>
                <normal x="-0.000000" y="1.000000" z="-0.000000"/>
            </vertex>
            <vertex>
                <position x="7.770069" y="0.020000" z="-3.470007"/>
                <normal x="-0.000000" y="1.000000" z="-0.000000"/>
            </vertex>
            <vertex>
                <position x="6.970069" y="0.020000" z="-3.070007"/>
                <normal x="-0.000000" y="1.000000" z="-0.000000"/>
            </vertex>
            <vertex>
                <position x="7.770069" y="0.020000" z="-0.170007"/>
                <normal x="0.000000" y="1.000000" z="0.000000"/>
            </vertex>
            <vertex>
                <position x="6.670069" y="0.020000" z="-7.770007"/>
                <normal x="0.000000" y="1.000000" z="-0.000000"/>
            </vertex>
            <vertex>
                <position x="7.470069" y="0.020000" z="-7.170007"/>
                <normal x="0.000000" y="1.000000" z="-0.000000"/>
            </vertex>
            <vertex>
                <position x="7.770069" y="0.020000" z="-7.770007"/>
                <normal x="0.000000" y="1.000000" z="-0.000000"/>
            </vertex>
            <vertex>
                <position x="6.770069" y="0.020000" z="-7.270007"/>
                <normal x="-0.000000" y="1.000000" z="0.000000"/>
            </vertex>
            <vertex>
                <position x="6.770069" y="0.020000" z="-3.570007"/>
                <normal x="0.000000" y="1.000000" z="-0.000000"/>
            </vertex>
            <vertex>
                <position x="6.570068" y="0.020000" z="-3.170007"/>
                <normal x="-0.000000" y="1.000000" z="-0.000000"/>
            </vertex>
            <vertex>
                <position x="6.770069" y="0.020000" z="-4.870008"/>
                <normal x="0.000000" y="1.000000" z="0.000000"/>
            </vertex>
            <vertex>
                <position x="6.570068" y="0.020000" z="-4.170007"/>
                <normal x="0.000000" y="1.000000" z="0.000000"/>
            </vertex>
            <vertex>
                <position x="5.770069" y="0.020000" z="-4.270007"/>
                <normal x="-0.000000" y="1.000000" z="-0.000000"/>
            </vertex>
            <vertex>
                <position x="5.670069" y="0.020000" z="-1.670007"/>
                <normal x="-0.000000" y="1.000000" z="-0.000000"/>
            </vertex>
            <vertex>
                <position x="5.670069" y="0.020000" z="-1.670007"/>
                <normal x="0.000000" y="1.000000" z="-0.000000"/>
            </vertex>
            <vertex>
                <position x="6.370069" y="0.020000" z="-0.270007"/>
                <normal x="0.000000" y="1.000000" z="-0.000000"/>
            </vertex>
            <vertex>
                <position x="6.970069" y="0.020000" z="-1.770007"/>
                <normal x="0.000000" y="1.000000" z="-0.000000"/>
            </vertex>
            <vertex>
                <position x="6.770069" y="0.020000" z="-4.870008"/>
                <normal x="-0.000000" y="1.000000" z="-0.000000"/>
            </vertex>
            <vertex>
                <position x="7.470069" y="0.020000" z="-5.870008"/>
                <normal x="-0.000000" y="1.000000" z="-0.000000"/>
            </vertex>
            <vertex>
                <position x="6.070068" y="0.020000" z="-5.770007"/>
                <normal x="-0.000000" y="1.000000" z="-0.000000"/>
            </vertex>
            <vertex>
                <position x="7.770069" y="0.020000" z="-4.970007"/>
                <normal x="0.000000" y="1.000000" z="0.000000"/>
            </vertex>
            <vertex>
                <position x="7.770069" y="0.020000" z="-7.770007"/>
                <normal x="0.000000" y="1.000000" z="0.000000"/>
            </vertex>
            <vertex>
                <position x="7.470069" y="0.020000" z="-5.870008"/>
                <normal x="-0.000000" y="1.000000" z="-0.000000"/>
            </vertex>
            <vertex>
                <position x="1.370069" y="0.020000" z="-3.670007"/>
                <normal x="0.000000" y="1.000000" z="0.000000"/>
            </vertex>
            <vertex>
                <position x="2.270069" y="0.020000" z="-3.270007"/>
                <normal x="0.000000" y="1.000000" z="0.000000"/>
            </vertex>
            <vertex>
                <position x="2.470069" y="0.020000" z="-5.070007"/>
                <normal x="0.000000" y="1.000000" z="0.000000"/>
            </vertex>
            <vertex>
                <position x="2.470069" y="0.020000" z="-4.370008"/>
                <normal x="0.000000" y="1.000000" z="0.000000"/>
            </vertex>
            <vertex>
                <position x="3.470069" y="0.020000" z="-5.170007"/>
                <normal x="0.000000" y="1.000000" z="0.000000"/>
            </vertex>
            <vertex>
                <position x="4.270069" y="0.020000" z="-5.170007"/>
                <normal x="0.000000" y="1.000000" z="0.000000"/>
            </vertex>
            <vertex>
                <position x="4.370069" y="0.020000" z="-4.770007"/>
                <normal x="0.000000" y="1.000000" z="0.000000"/>
            </vertex>
            <vertex>
                <position x="5.070068" y="0.020000" z="-4.170007"/>
                <normal x="-0.000000" y="1.000000" z="-0.000000"/>
            </vertex>
            <vertex>
                <position x="5.770069" y="0.020000" z="-4.870008"/>
                <normal x="-0.000000" y="1.000000" z="-0.000000"/>
            </vertex>
            <vertex>
                <position x="4.770069" y="0.020000" z="-4.270007"/>
                <normal x="-0.000000" y="1.000000" z="-0.000000"/>
            </vertex>
            <vertex>
                <position x="4.770069" y="0.020000" z="-4.270007"/>
                <normal x="-0.000000" y="1.000000" z="-0.000000"/>
            </vertex>
            <vertex>
                <position x="5.070068" y="0.020000" z="-4.170007"/>
                <normal x="0.000000" y="1.000000" z="0.000000"/>
            </vertex>
            <vertex>
                <position x="2.470069" y="0.020000" z="-4.370008"/>
                <normal x="-0.000000" y="1.000000" z="-0.000000"/>
            </vertex>
            <vertex>
                <position x="2.370069" y="0.020000" z="-4.170007"/>
                <normal x="-0.000000" y="1.000000" z="-0.000000"/>
            </vertex>
            <vertex>
                <position x="1.370069" y="0.020000" z="-3.670007"/>
                <normal x="0.000000" y="1.000000" z="-0.000000"/>
            </vertex>
            <vertex>
                <position x="1.370069" y="0.020000" z="-4.270007"/>
                <normal x="0.000000" y="1.000000" z="-0.000000"/>
            </vertex>
            <vertex>
                <position x="2.370069" y="0.020000" z="-4.170007"/>
                <normal x="0.000000" y="1.000000" z="0.000000"/>
            </vertex>
            <vertex>
                <position x="4.870069" y="0.020000" z="-2.870008"/>
                <normal x="0.000000" y="1.000000" z="0.000000"/>
            </vertex>
            <vertex>
                <position x="5.070068" y="0.020000" z="-2.870008"/>
                <normal x="0.000000" y="1.000000" z="0.000000"/>
            </vertex>
            <vertex>
                <position x="1.370069" y="0.020000" z="-4.270007"/>
                <normal x="0.000000" y="1.000000" z="-0.000000"/>
            </vertex>
            <vertex>
                <position x="5.470069" y="0.020000" z="-2.770007"/>
                <normal x="-0.000000" y="1.000000" z="0.000000"/>
            </vertex>
            <vertex>
                <position x="5.470069" y="0.020000" z="-1.770007"/>
                <normal x="-0.000000" y="1.000000" z="0.000000"/>
            </vertex>
            <vertex>
                <position x="2.770069" y="0.020000" z="-2.670007"/>
                <normal x="-0.000000" y="1.000000" z="-0.000000"/>
            </vertex>
            <vertex>
                <position x="-2.729931" y="0.020000" z="-3.370008"/>
                <normal x="-0.000000" y="1.000000" z="-0.000000"/>
            </vertex>
            <vertex>
                <position x="-3.729931" y="0.020000" z="-3.070007"/>
                <normal x="-0.000000" y="1.000000" z="-0.000000"/>
            </vertex>
            <vertex>
                <position x="-4.329931" y="0.020000" z="-2.670007"/>
                <normal x="0.000000" y="1.000000" z="-0.000000"/>
            </vertex>
            <vertex>
                <position x="-3.829931" y="0.020000" z="-2.670007"/>
                <normal x="0.000000" y="1.000000" z="-0.000000"/>
            </vertex>
            <vertex>
                <position x="-4.429932" y="0.020000" z="-3.070007"/>
                <normal x="0.000000" y="1.000000" z="-0.000000"/>
            </vertex>
            <vertex>
                <position x="-5.129931" y="0.020000" z="-4.170007"/>
                <normal x="-0.000000" y="1.000000" z="-0.000000"/>
            </vertex>
            <vertex>
                <position x="-5.729931" y="0.020000" z="-4.670007"/>
                <normal x="-0.000000" y="1.000000" z="-0.000000"/>
            </vertex>
            <vertex>
                <position x="-6.429932" y="0.020000" z="-4.170007"/>
                <normal x="-0.000000" y="1.000000" z="-0.000000"/>
            </vertex>
            <vertex>
                <position x="-4.729931" y="0.020000" z="-4.670007"/>
                <normal x="0.000000" y="1.000000" z="-0.000000"/>
            </vertex>
            <vertex>
                <position x="-4.629931" y="0.020000" z="-3.670007"/>
                <normal x="-0.000000" y="1.000000" z="-0.000000"/>
            </vertex>
            <vertex>
                <position x="-3.729931" y="0.020000" z="-3.070007"/>
                <normal x="-0.000000" y="1.000000" z="0.000000"/>
            </vertex>
            <vertex>
                <position x="-4.629931" y="0.020000" z="-3.670007"/>
                <normal x="-0.000000" y="1.000000" z="0.000000"/>
            </vertex>
            <vertex>
                <position x="-4.429932" y="0.020000" z="-3.070007"/>
                <normal x="-0.000000" y="1.000000" z="0.000000"/>
            </vertex>
            <vertex>
                <position x="-2.729931" y="0.020000" z="-3.670007"/>
                <normal x="0.000000" y="1.000000" z="-0.000000"/>
            </vertex>
            <vertex>
                <position x="-7.829931" y="0.020000" z="-5.270007"/>
                <normal x="0.000000" y="1.000000" z="-0.000000"/>
            </vertex>
            <vertex>
                <position x="-5.829931" y="0.020000" z="-5.270007"/>
                <normal x="0.000000" y="1.000000" z="-0.000000"/>
            </vertex>
            <vertex>
                <position x="-5.029931" y="0.020000" z="-3.070007"/>
                <normal x="0.000000" y="1.000000" z="-0.000000"/>
            </vertex>
            <vertex>
                <position x="-1.229931" y="0.020000" z="-7.470007"/>
                <normal x="-0.000000" y="1.000000" z="-0.000000"/>
            </vertex>
            <vertex>
                <position x="-0.429931" y="0.020000" z="-7.770007"/>
                <normal x="-0.000000" y="1.000000" z="-0.000000"/>
            </vertex>
            <vertex>
                <position x="-1.929931" y="0.020000" z="-7.770007"/>
                <normal x="-0.000000" y="1.000000" z="-0.000000"/>
            </vertex>
            <vertex>
                <position x="-0.429931" y="0.020000" z="-7.570007"/>
                <normal x="0.000000" y="1.000000" z="0.000000"/>
            </vertex>
            <vertex>
                <position x="-3.429931" y="0.020000" z="-7.770007"/>
                <normal x="0.000000" y="1.000000" z="0.000000"/>
            </vertex>
            <vertex>
                <position x="-3.829931" y="0.020000" z="-6.970007"/>
                <normal x="0.000000" y="1.000000" z="0.000000"/>
            </vertex>
            <vertex>
                <position x="-3.329931" y="0.020000" z="-6.670007"/>
                <normal x="0.000000" y="1.000000" z="0.000000"/>
            </vertex>
            <vertex>
                <position x="-1.229931" y="0.020000" z="-4.170007"/>
                <normal x="0.000000" y="1.000000" z="-0.000000"/>
            </vertex>
            <vertex>
                <position x="-0.129931" y="0.020000" z="-4.270007"/>
                <normal x="0.000000" y="1.000000" z="-0.000000"/>
            </vertex>
            <vertex>
                <position x="-1.329931" y="0.020000" z="-4.770007"/>
                <normal x="0.000000" y="1.000000" z="-0.000000"/>
            </vertex>
            <vertex>
                <position x="-1.329931" y="0.020000" z="-4.770007"/>
                <normal x="0.000000" y="1.000000" z="-0.000000"/>
            </vertex>
            <vertex>
                <position x="-0.129931" y="0.020000" z="-4.970007"/>
                <normal x="0.000000" y="1.000000" z="-0.000000"/>
            </vertex>
            <vertex>
                <position x="-0.229931" y="0.020000" z="-5.170007"/>
                <normal x="0.000000" y="1.000000" z="-0.000000"/>
            </vertex>
            <vertex>
                <position x="-2.329931" y="0.020000" z="-5.170007"/>
                <normal x="0.000000" y="1.000000" z="-0.000000"/>
            </vertex>
            <vertex>
                <position x="-2.229931" y="0.020000" z="-4.770007"/>
                <normal x="0.000000" y="1.000000" z="-0.000000"/>
            </vertex>
            <vertex>
                <position x="-1.729931" y="0.020000" z="-5.170007"/>
                <normal x="0.000000" y="1.000000" z="-0.000000"/>
            </vertex>
            <vertex>
                <position x="-3.829931" y="0.020000" z="-6.170007"/>
                <normal x="0.000000" y="1.000000" z="0.000000"/>
            </vertex>
            <vertex>
                <position x="-3.229931" y="0.020000" z="-6.070007"/>
                <normal x="0.000000" y="1.000000" z="0.000000"/>
            </vertex>
            <vertex>
                <position x="-2.029932" y="0.020000" z="-6.670007"/>
                <normal x="0.000000" y="1.000000" z="-0.000000"/>
            </vertex>
            <vertex>
                <position x="-1.229931" y="0.020000" z="-6.570007"/>
                <normal x="0.000000" y="1.000000" z="0.000000"/>
            </vertex>
            <vertex>
                <position x="-1.729931" y="0.020000" z="-6.470007"/>
                <normal x="-0.000000" y="1.000000" z="0.000000"/>
            </vertex>
            <vertex>
                <position x="-2.329931" y="0.020000" z="-5.170007"/>
                <normal x="-0.000000" y="1.000000" z="-0.000000"/>
            </vertex>
            <vertex>
                <position x="-2.029932" y="0.020000" z="-6.670007"/>
                <normal x="-0.000000" y="1.000000" z="-0.000000"/>
            </vertex>
            <vertex>
                <position x="-3.229931" y="0.020000" z="-6.070007"/>
                <normal x="-0.000000" y="1.000000" z="-0.000000"/>
            </vertex>
            <vertex>
                <position x="-3.329931" y="0.020000" z="-6.670007"/>
                <normal x="-0.000000" y="1.000000" z="-0.000000"/>
            </vertex>
            <vertex>
                <position x="-3.229931" y="0.020000" z="-5.170007"/>
                <normal x="0.000000" y="1.000000" z="-0.000000"/>
            </vertex>
            <vertex>
                <position x="-4.629931" y="0.020000" z="-7.770007"/>
                <normal x="0.000000" y="1.000000" z="-0.000000"/>
            </vertex>
            <vertex>
                <position x="-3.829931" y="0.020000" z="-6.970007"/>
                <normal x="-0.000000" y="1.000000" z="0.000000"/>
            </vertex>
            <vertex>
                <position x="-4.629931" y="0.020000" z="-7.770007"/>
                <normal x="-0.000000" y="1.000000" z="0.000000"/>
            </vertex>
            <vertex>
                <position x="-4.529931" y="0.020000" z="-7.070007"/>
                <normal x="-0.000000" y="1.000000" z="0.000000"/>
            </vertex>
            <vertex>
                <position x="0.270069" y="0.020000" z="-7.470007"/>
                <normal x="0.000000" y="1.000000" z="-0.000000"/>
            </vertex>
            <vertex>
                <position x="1.970069" y="0.020000" z="-7.770007"/>
                <normal x="0.000000" y="1.000000" z="-0.000000"/>
            </vertex>
            <vertex>
                <position x="1.070068" y="0.020000" z="-5.770007"/>
                <normal x="-0.000000" y="1.000000" z="0.000000"/>
            </vertex>
            <vertex>
                <position x="0.270069" y="0.020000" z="-6.170007"/>
                <normal x="-0.000000" y="1.000000" z="0.000000"/>
            </vertex>
            <vertex>
                <position x="0.970069" y="0.020000" z="-5.070007"/>
                <normal x="-0.000000" y="1.000000" z="0.000000"/>
            </vertex>
            <vertex>
                <position x="-0.229931" y="0.020000" z="-6.070007"/>
                <normal x="-0.000000" y="1.000000" z="-0.000000"/>
            </vertex>
            <vertex>
                <position x="1.970069" y="0.020000" z="-6.770007"/>
                <normal x="0.000000" y="1.000000" z="-0.000000"/>
            </vertex>
            <vertex>
                <position x="1.870069" y="0.020000" z="-5.770007"/>
                <normal x="0.000000" y="1.000000" z="0.000000"/>
            </vertex>
            <vertex>
                <position x="5.670069" y="0.020000" z="-6.270007"/>
                <normal x="0.000000" y="1.000000" z="-0.000000"/>
            </vertex>
            <vertex>
                <position x="5.970069" y="0.020000" z="-6.070007"/>
                <normal x="0.000000" y="1.000000" z="-0.000000"/>
            </vertex>
            <vertex>
                <position x="5.970069" y="0.020000" z="-7.170007"/>
                <normal x="0.000000" y="1.000000" z="-0.000000"/>
            </vertex>
            <vertex>
                <position x="5.670069" y="0.020000" z="-6.270007"/>
                <normal x="-0.000000" y="1.000000" z="0.000000"/>
            </vertex>
            <vertex>
                <position x="6.770069" y="0.020000" z="-7.270007"/>
                <normal x="-0.000000" y="1.000000" z="-0.000000"/>
            </vertex>
            <vertex>
                <position x="6.670069" y="0.020000" z="-7.770007"/>
                <normal x="-0.000000" y="1.000000" z="-0.000000"/>
            </vertex>
            <vertex>
                <position x="3.370069" y="0.020000" z="-6.670007"/>
                <normal x="0.000000" y="1.000000" z="-0.000000"/>
            </vertex>
            <vertex>
                <position x="3.470069" y="0.020000" z="-6.670007"/>
                <normal x="0.000000" y="1.000000" z="-0.000000"/>
            </vertex>
            <vertex>
                <position x="3.470069" y="0.020000" z="-7.770007"/>
                <normal x="0.000000" y="1.000000" z="-0.000000"/>
            </vertex>
            <vertex>
                <position x="4.770069" y="0.020000" z="-6.670007"/>
                <normal x="0.000000" y="1.000000" z="-0.000000"/>
            </vertex>
            <vertex>
                <position x="5.970069" y="0.020000" z="-7.170007"/>
                <normal x="0.000000" y="1.000000" z="-0.000000"/>
            </vertex>
            <vertex>
                <position x="4.870069" y="0.020000" z="-6.270007"/>
                <normal x="-0.000000" y="1.000000" z="0.000000"/>
            </vertex>
            <vertex>
                <position x="2.470069" y="0.020000" z="-5.670007"/>
                <normal x="-0.000000" y="1.000000" z="-0.000000"/>
            </vertex>
            <vertex>
                <position x="1.970069" y="0.020000" z="-6.770007"/>
                <normal x="0.000000" y="1.000000" z="-0.000000"/>
            </vertex>
            <vertex>
                <position x="2.470069" y="0.020000" z="-5.670007"/>
                <normal x="0.000000" y="1.000000" z="-0.000000"/>
            </vertex>
            <vertex>
                <position x="3.370069" y="0.020000" z="-6.670007"/>
                <normal x="0.000000" y="1.000000" z="-0.000000"/>
            </vertex>
            <vertex>
                <position x="4.770069" y="0.020000" z="-6.670007"/>
                <normal x="-0.000000" y="1.000000" z="-0.000000"/>
            </vertex>
            <vertex>
                <position x="3.470069" y="0.020000" z="-7.770007"/>
                <normal x="-0.000000" y="1.000000" z="-0.000000"/>
            </vertex>
            <vertex>
                <position x="3.470069" y="0.020000" z="-6.670007"/>
                <normal x="-0.000000" y="1.000000" z="-0.000000"/>
            </vertex>
            <vertex>
                <position x="-5.329931" y="0.020000" z="-6.170007"/>
                <normal x="-0.000000" y="1.000000" z="-0.000000"/>
            </vertex>
            <vertex>
                <position x="-5.329931" y="0.020000" z="-6.970007"/>
                <normal x="-0.000000" y="1.000000" z="-0.000000"/>
            </vertex>
            <vertex>
                <position x="-5.829931" y="0.020000" z="-6.070007"/>
                <normal x="-0.000000" y="1.000000" z="-0.000000"/>
            </vertex>
            <vertex>
                <position x="-7.829931" y="0.020000" z="-7.770007"/>
                <normal x="-0.000000" y="1.000000" z="-0.000000"/>
            </vertex>
            <vertex>
                <position x="-4.529931" y="0.020000" z="-7.070007"/>
                <normal x="0.000000" y="1.000000" z="0.000000"/>
            </vertex>
        </vertexbuffer>
    </sharedgeometry>
    <submeshes>
        <submesh material="Material" operationtype="triangle_list" use32bitindexes="False" usesharedvertices="true">
            <faces count="318">
                <face v1="0" v2="1" v3="2"/>
                <face v1="1" v2="0" v3="3"/>
                <face v1="4" v2="5" v3="6"/>
                <face v1="7" v2="2" v3="8"/>
                <face v1="8" v2="9" v3="7"/>
                <face v1="9" v2="8" v3="10"/>
                <face v1="11" v2="12" v3="2"/>
                <face v1="12" v2="11" v3="13"/>
                <face v1="12" v2="0" v3="2"/>
                <face v1="0" v2="12" v3="14"/>
                <face v1="15" v2="16" v3="17"/>
                <face v1="16" v2="15" v3="18"/>
                <face v1="19" v2="20" v3="21"/>
                <face v1="21" v2="20" v3="22"/>
                <face v1="22" v2="20" v3="23"/>
                <face v1="24" v2="16" v3="25"/>
                <face v1="26" v2="27" v3="28"/>
                <face v1="27" v2="26" v3="29"/>
                <face v1="30" v2="31" v3="32"/>
                <face v1="33" v2="24" v3="34"/>
                <face v1="24" v2="33" v3="35"/>
                <face v1="35" v2="33" v3="36"/>
                <face v1="19" v2="21" v3="37"/>
                <face v1="37" v2="21" v3="36"/>
                <face v1="38" v2="23" v3="39"/>
                <face v1="39" v2="23" v3="20"/>
                <face v1="40" v2="41" v3="42"/>
                <face v1="43" v2="44" v3="41"/>
                <face v1="44" v2="45" v3="46"/>
                <face v1="45" v2="44" v3="43"/>
                <face v1="47" v2="48" v3="49"/>
                <face v1="48" v2="47" v3="50"/>
                <face v1="42" v2="39" v3="51"/>
                <face v1="39" v2="42" v3="38"/>
                <face v1="38" v2="41" v3="44"/>
                <face v1="41" v2="38" v3="42"/>
                <face v1="48" v2="51" v3="49"/>
                <face v1="51" v2="52" v3="42"/>
                <face v1="52" v2="51" v3="48"/>
                <face v1="53" v2="54" v3="55"/>
                <face v1="56" v2="57" v3="58"/>
                <face v1="59" v2="58" v3="60"/>
                <face v1="61" v2="62" v3="63"/>
                <face v1="64" v2="55" v3="54"/>
                <face v1="60" v2="58" v3="63"/>
                <face v1="63" v2="58" v3="61"/>
                <face v1="61" v2="58" v3="57"/>
                <face v1="65" v2="66" v3="67"/>
                <face v1="68" v2="69" v3="70"/>
                <face v1="71" v2="72" v3="73"/>
                <face v1="73" v2="74" v3="75"/>
                <face v1="74" v2="73" v3="72"/>
                <face v1="76" v2="77" v3="78"/>
                <face v1="13" v2="79" v3="73"/>
                <face v1="80" v2="81" v3="82"/>
                <face v1="83" v2="34" v3="79"/>
                <face v1="34" v2="83" v3="33"/>
                <face v1="84" v2="85" v3="71"/>
                <face v1="85" v2="69" v3="86"/>
                <face v1="69" v2="85" v3="84"/>
                <face v1="79" v2="71" v3="73"/>
                <face v1="87" v2="88" v3="89"/>
                <face v1="90" v2="91" v3="92"/>
                <face v1="93" v2="94" v3="95"/>
                <face v1="94" v2="93" v3="96"/>
                <face v1="94" v2="3" v3="95"/>
                <face v1="3" v2="94" v3="1"/>
                <face v1="74" v2="72" v3="97"/>
                <face v1="72" v2="98" v3="97"/>
                <face v1="10" v2="96" v3="9"/>
                <face v1="99" v2="88" v3="93"/>
                <face v1="88" v2="99" v3="89"/>
                <face v1="99" v2="95" v3="100"/>
                <face v1="95" v2="99" v3="93"/>
                <face v1="101" v2="96" v3="93"/>
                <face v1="96" v2="101" v3="9"/>
                <face v1="102" v2="103" v3="104"/>
                <face v1="103" v2="102" v3="105"/>
                <face v1="95" v2="98" v3="100"/>
                <face v1="98" v2="95" v3="97"/>
                <face v1="106" v2="107" v3="108"/>
                <face v1="109" v2="100" v3="98"/>
                <face v1="110" v2="111" v3="112"/>
                <face v1="104" v2="109" v3="102"/>
                <face v1="102" v2="112" v3="113"/>
                <face v1="113" v2="112" v3="111"/>
                <face v1="112" v2="102" v3="109"/>
                <face v1="114" v2="112" v3="109"/>
                <face v1="46" v2="115" v3="15"/>
                <face v1="115" v2="46" v3="45"/>
                <face v1="116" v2="117" v3="118"/>
                <face v1="117" v2="116" v3="119"/>
                <face v1="120" v2="121" v3="122"/>
                <face v1="121" v2="120" v3="123"/>
                <face v1="124" v2="125" v3="122"/>
                <face v1="125" v2="124" v3="126"/>
                <face v1="127" v2="128" v3="68"/>
                <face v1="129" v2="130" v3="131"/>
                <face v1="132" v2="128" v3="127"/>
                <face v1="133" v2="115" v3="126"/>
                <face v1="115" v2="18" v3="15"/>
                <face v1="18" v2="115" v3="133"/>
                <face v1="134" v2="126" v3="124"/>
                <face v1="126" v2="116" v3="118"/>
                <face v1="116" v2="126" v3="134"/>
                <face v1="57" v2="135" v3="136"/>
                <face v1="135" v2="57" v3="56"/>
                <face v1="118" v2="133" v3="126"/>
                <face v1="137" v2="66" v3="138"/>
                <face v1="68" v2="133" v3="127"/>
                <face v1="127" v2="133" v3="118"/>
                <face v1="139" v2="140" v3="141"/>
                <face v1="142" v2="143" v3="120"/>
                <face v1="143" v2="142" v3="135"/>
                <face v1="144" v2="116" v3="134"/>
                <face v1="120" v2="122" v3="142"/>
                <face v1="145" v2="122" v3="125"/>
                <face v1="146" v2="147" v3="141"/>
                <face v1="148" v2="149" v3="150"/>
                <face v1="149" v2="148" v3="151"/>
                <face v1="152" v2="153" v3="154"/>
                <face v1="155" v2="156" v3="157"/>
                <face v1="158" v2="159" v3="156"/>
                <face v1="159" v2="158" v3="160"/>
                <face v1="161" v2="162" v3="163"/>
                <face v1="163" v2="164" v3="165"/>
                <face v1="165" v2="164" v3="166"/>
                <face v1="164" v2="163" v3="162"/>
                <face v1="160" v2="167" v3="168"/>
                <face v1="168" v2="144" v3="169"/>
                <face v1="169" v2="144" v3="134"/>
                <face v1="144" v2="168" v3="167"/>
                <face v1="158" v2="149" v3="170"/>
                <face v1="149" v2="158" v3="150"/>
                <face v1="150" v2="158" v3="156"/>
                <face v1="171" v2="159" v3="172"/>
                <face v1="172" v2="160" v3="168"/>
                <face v1="160" v2="172" v3="159"/>
                <face v1="60" v2="173" v3="59"/>
                <face v1="173" v2="60" v3="174"/>
                <face v1="173" v2="162" v3="161"/>
                <face v1="162" v2="173" v3="174"/>
                <face v1="175" v2="172" v3="168"/>
                <face v1="163" v2="171" v3="172"/>
                <face v1="171" v2="165" v3="176"/>
                <face v1="177" v2="178" v3="179"/>
                <face v1="180" v2="181" v3="182"/>
                <face v1="181" v2="180" v3="87"/>
                <face v1="182" v2="183" v3="184"/>
                <face v1="183" v2="182" v3="181"/>
                <face v1="102" v2="185" v3="105"/>
                <face v1="183" v2="186" v3="184"/>
                <face v1="187" v2="188" v3="189"/>
                <face v1="105" v2="186" v3="183"/>
                <face v1="128" v2="190" v3="191"/>
                <face v1="190" v2="128" v3="192"/>
                <face v1="113" v2="111" v3="193"/>
                <face v1="194" v2="195" v3="196"/>
                <face v1="191" v2="197" v3="193"/>
                <face v1="197" v2="190" v3="198"/>
                <face v1="190" v2="197" v3="191"/>
                <face v1="199" v2="200" v3="201"/>
                <face v1="202" v2="203" v3="204"/>
                <face v1="204" v2="205" v3="206"/>
                <face v1="206" v2="205" v3="207"/>
                <face v1="208" v2="209" v3="210"/>
                <face v1="211" v2="197" v3="202"/>
                <face v1="197" v2="211" v3="193"/>
                <face v1="212" v2="201" v3="204"/>
                <face v1="213" v2="214" v3="215"/>
                <face v1="201" v2="202" v3="204"/>
                <face v1="216" v2="215" v3="214"/>
                <face v1="151" v2="217" v3="218"/>
                <face v1="217" v2="151" v3="148"/>
                <face v1="219" v2="220" v3="221"/>
                <face v1="222" v2="223" v3="224"/>
                <face v1="223" v2="222" v3="225"/>
                <face v1="225" v2="222" v3="226"/>
                <face v1="227" v2="228" v3="229"/>
                <face v1="228" v2="227" v3="230"/>
                <face v1="225" v2="217" v3="223"/>
                <face v1="217" v2="225" v3="218"/>
                <face v1="231" v2="232" v3="233"/>
                <face v1="234" v2="235" v3="226"/>
                <face v1="235" v2="236" v3="237"/>
                <face v1="236" v2="235" v3="234"/>
                <face v1="229" v2="238" v3="227"/>
                <face v1="227" v2="238" v3="119"/>
                <face v1="119" v2="238" v3="117"/>
                <face v1="207" v2="239" v3="240"/>
                <face v1="239" v2="234" v3="226"/>
                <face v1="234" v2="239" v3="207"/>
                <face v1="205" v2="234" v3="207"/>
                <face v1="241" v2="240" v3="239"/>
                <face v1="238" v2="237" v3="242"/>
                <face v1="237" v2="229" v3="235"/>
                <face v1="235" v2="229" v3="243"/>
                <face v1="229" v2="237" v3="238"/>
                <face v1="222" v2="244" v3="239"/>
                <face v1="244" v2="222" v3="245"/>
                <face v1="186" v2="246" v3="247"/>
                <face v1="246" v2="186" v3="185"/>
                <face v1="246" v2="199" v3="247"/>
                <face v1="199" v2="248" v3="200"/>
                <face v1="248" v2="199" v3="246"/>
                <face v1="249" v2="250" v3="251"/>
                <face v1="250" v2="249" v3="252"/>
                <face v1="250" v2="253" v3="251"/>
                <face v1="253" v2="250" v3="254"/>
                <face v1="249" v2="247" v3="252"/>
                <face v1="247" v2="249" v3="186"/>
                <face v1="255" v2="256" v3="257"/>
                <face v1="256" v2="255" v3="258"/>
                <face v1="259" v2="260" v3="261"/>
                <face v1="260" v2="259" v3="262"/>
                <face v1="263" v2="264" v3="265"/>
                <face v1="264" v2="263" v3="266"/>
                <face v1="267" v2="261" v3="260"/>
                <face v1="261" v2="267" v3="268"/>
                <face v1="255" v2="257" v3="269"/>
                <face v1="269" v2="257" v3="270"/>
                <face v1="270" v2="257" v3="271"/>
                <face v1="259" v2="164" v3="262"/>
                <face v1="164" v2="272" v3="166"/>
                <face v1="273" v2="274" v3="275"/>
                <face v1="276" v2="277" v3="278"/>
                <face v1="277" v2="276" v3="279"/>
                <face v1="270" v2="267" v3="269"/>
                <face v1="267" v2="270" v3="268"/>
                <face v1="280" v2="277" v3="279"/>
                <face v1="281" v2="265" v3="264"/>
                <face v1="282" v2="223" v3="283"/>
                <face v1="223" v2="282" v3="224"/>
                <face v1="284" v2="285" v3="286"/>
                <face v1="287" v2="286" v3="288"/>
                <face v1="289" v2="290" v3="291"/>
                <face v1="292" v2="257" v3="288"/>
                <face v1="257" v2="293" v3="271"/>
                <face v1="288" v2="285" v3="292"/>
                <face v1="291" v2="294" v3="295"/>
                <face v1="285" v2="288" v3="286"/>
                <face v1="296" v2="295" v3="297"/>
                <face v1="298" v2="282" v3="283"/>
                <face v1="293" v2="299" v3="300"/>
                <face v1="299" v2="293" v3="292"/>
                <face v1="301" v2="298" v3="285"/>
                <face v1="302" v2="300" v3="303"/>
                <face v1="300" v2="299" v3="303"/>
                <face v1="303" v2="299" v3="157"/>
                <face v1="157" v2="304" v3="155"/>
                <face v1="304" v2="157" v3="299"/>
                <face v1="240" v2="305" v3="306"/>
                <face v1="305" v2="240" v3="241"/>
                <face v1="307" v2="308" v3="309"/>
                <face v1="309" v2="308" v3="306"/>
                <face v1="310" v2="311" v3="312"/>
                <face v1="311" v2="310" v3="313"/>
                <face v1="314" v2="313" v3="310"/>
                <face v1="315" v2="316" v3="317"/>
                <face v1="314" v2="306" v3="318"/>
                <face v1="318" v2="306" v3="305"/>
                <face v1="254" v2="312" v3="253"/>
                <face v1="253" v2="312" v3="319"/>
                <face v1="319" v2="312" v3="320"/>
                <face v1="320" v2="312" v3="311"/>
                <face v1="321" v2="314" v3="310"/>
                <face v1="314" v2="321" v3="309"/>
                <face v1="322" v2="323" v3="324"/>
                <face v1="323" v2="322" v3="325"/>
                <face v1="326" v2="327" v3="328"/>
                <face v1="329" v2="330" v3="331"/>
                <face v1="332" v2="333" v3="334"/>
                <face v1="333" v2="332" v3="245"/>
                <face v1="335" v2="336" v3="337"/>
                <face v1="337" v2="336" v3="332"/>
                <face v1="327" v2="338" v3="328"/>
                <face v1="328" v2="338" v3="339"/>
                <face v1="340" v2="322" v3="324"/>
                <face v1="322" v2="340" v3="341"/>
                <face v1="341" v2="340" v3="342"/>
                <face v1="337" v2="342" v3="335"/>
                <face v1="343" v2="344" v3="345"/>
                <face v1="345" v2="344" v3="346"/>
                <face v1="340" v2="335" v3="342"/>
                <face v1="347" v2="335" v3="339"/>
                <face v1="348" v2="327" v3="326"/>
                <face v1="349" v2="350" v3="351"/>
                <face v1="334" v2="337" v3="332"/>
                <face v1="323" v2="352" v3="353"/>
                <face v1="352" v2="323" v3="325"/>
                <face v1="354" v2="355" v3="356"/>
                <face v1="356" v2="334" v3="333"/>
                <face v1="334" v2="355" v3="357"/>
                <face v1="355" v2="334" v3="356"/>
                <face v1="352" v2="358" v3="353"/>
                <face v1="358" v2="354" v3="359"/>
                <face v1="354" v2="358" v3="355"/>
                <face v1="355" v2="358" v3="352"/>
                <face v1="360" v2="361" v3="362"/>
                <face v1="258" v2="363" v3="256"/>
                <face v1="364" v2="365" v3="362"/>
                <face v1="366" v2="367" v3="368"/>
                <face v1="369" v2="363" v3="370"/>
                <face v1="363" v2="369" v3="371"/>
                <face v1="366" v2="286" v3="367"/>
                <face v1="286" v2="372" v3="284"/>
                <face v1="372" v2="286" v3="366"/>
                <face v1="373" v2="374" v3="375"/>
                <face v1="372" v2="358" v3="359"/>
                <face v1="263" v2="368" v3="370"/>
                <face v1="370" v2="368" v3="369"/>
                <face v1="376" v2="377" v3="378"/>
                <face v1="379" v2="380" v3="381"/>
                <face v1="380" v2="348" v3="382"/>
                <face v1="348" v2="380" v3="383"/>
                <face v1="320" v2="381" v3="319"/>
                <face v1="381" v2="382" v3="319"/>
                <face v1="382" v2="381" v3="380"/>
            </faces>
        </submesh>
    </submeshes>
    <submeshnames>
        <submesh index="0" name="Material"/>
    </submeshnames>
</mesh>
