<?xml version="1.0" encoding="UTF-8"?>
<mesh>
    <sharedgeometry vertexcount="414">
        <vertexbuffer colours_diffuse="False" normals="true" positions="true" texture_coords="0">
            <vertex>
                <position x="-3.529932" y="0.020000" z="7.029993"/>
                <normal x="-0.000000" y="1.000000" z="-0.000000"/>
            </vertex>
            <vertex>
                <position x="-3.529932" y="0.020000" z="6.629993"/>
                <normal x="-0.000000" y="1.000000" z="-0.000000"/>
            </vertex>
            <vertex>
                <position x="-4.729931" y="0.020000" z="6.729993"/>
                <normal x="-0.000000" y="1.000000" z="-0.000000"/>
            </vertex>
            <vertex>
                <position x="-3.529932" y="0.020000" z="6.629993"/>
                <normal x="0.000000" y="1.000000" z="0.000000"/>
            </vertex>
            <vertex>
                <position x="-3.529932" y="0.020000" z="7.029993"/>
                <normal x="0.000000" y="1.000000" z="0.000000"/>
            </vertex>
            <vertex>
                <position x="-3.329931" y="0.020000" z="6.929993"/>
                <normal x="0.000000" y="1.000000" z="0.000000"/>
            </vertex>
            <vertex>
                <position x="-4.829931" y="0.020000" z="6.229993"/>
                <normal x="-0.000000" y="1.000000" z="0.000000"/>
            </vertex>
            <vertex>
                <position x="-5.829931" y="0.020000" z="6.129993"/>
                <normal x="-0.000000" y="1.000000" z="0.000000"/>
            </vertex>
            <vertex>
                <position x="-4.729931" y="0.020000" z="6.729993"/>
                <normal x="-0.000000" y="1.000000" z="0.000000"/>
            </vertex>
            <vertex>
                <position x="-6.229931" y="0.020000" z="7.229993"/>
                <normal x="-0.000000" y="1.000000" z="-0.000000"/>
            </vertex>
            <vertex>
                <position x="-6.129931" y="0.020000" z="6.129993"/>
                <normal x="-0.000000" y="1.000000" z="-0.000000"/>
            </vertex>
            <vertex>
                <position x="-7.329931" y="0.020000" z="7.229993"/>
                <normal x="0.000000" y="1.000000" z="0.000000"/>
            </vertex>
            <vertex>
                <position x="-7.929932" y="0.020000" z="7.829993"/>
                <normal x="0.000000" y="1.000000" z="0.000000"/>
            </vertex>
            <vertex>
                <position x="-3.529932" y="0.020000" z="7.829993"/>
                <normal x="0.000000" y="1.000000" z="-0.000000"/>
            </vertex>
            <vertex>
                <position x="-3.529932" y="0.020000" z="7.829993"/>
                <normal x="0.000000" y="1.000000" z="-0.000000"/>
            </vertex>
            <vertex>
                <position x="-7.329931" y="0.020000" z="7.229993"/>
                <normal x="-0.000000" y="1.000000" z="-0.000000"/>
            </vertex>
            <vertex>
                <position x="-7.929932" y="0.020000" z="5.929993"/>
                <normal x="-0.000000" y="1.000000" z="-0.000000"/>
            </vertex>
            <vertex>
                <position x="-7.929932" y="0.020000" z="7.829993"/>
                <normal x="-0.000000" y="1.000000" z="-0.000000"/>
            </vertex>
            <vertex>
                <position x="-7.929932" y="0.020000" z="5.929993"/>
                <normal x="0.000000" y="1.000000" z="-0.000000"/>
            </vertex>
            <vertex>
                <position x="-7.329931" y="0.020000" z="5.929993"/>
                <normal x="0.000000" y="1.000000" z="-0.000000"/>
            </vertex>
            <vertex>
                <position x="0.570068" y="0.020000" z="7.529993"/>
                <normal x="-0.000000" y="1.000000" z="0.000000"/>
            </vertex>
            <vertex>
                <position x="-0.229931" y="0.020000" z="7.429993"/>
                <normal x="-0.000000" y="1.000000" z="0.000000"/>
            </vertex>
            <vertex>
                <position x="0.570068" y="0.020000" z="7.829993"/>
                <normal x="-0.000000" y="1.000000" z="0.000000"/>
            </vertex>
            <vertex>
                <position x="-1.129931" y="0.020000" z="5.129993"/>
                <normal x="0.000000" y="1.000000" z="0.000000"/>
            </vertex>
            <vertex>
                <position x="-1.229931" y="0.020000" z="5.729993"/>
                <normal x="0.000000" y="1.000000" z="0.000000"/>
            </vertex>
            <vertex>
                <position x="-0.229931" y="0.020000" z="5.129993"/>
                <normal x="0.000000" y="1.000000" z="0.000000"/>
            </vertex>
            <vertex>
                <position x="-0.229931" y="0.020000" z="6.329993"/>
                <normal x="0.000000" y="1.000000" z="0.000000"/>
            </vertex>
            <vertex>
                <position x="0.270069" y="0.020000" z="5.429993"/>
                <normal x="0.000000" y="1.000000" z="0.000000"/>
            </vertex>
            <vertex>
                <position x="0.270069" y="0.020000" z="6.229993"/>
                <normal x="0.000000" y="1.000000" z="0.000000"/>
            </vertex>
            <vertex>
                <position x="-2.229931" y="0.020000" z="7.829993"/>
                <normal x="0.000000" y="1.000000" z="-0.000000"/>
            </vertex>
            <vertex>
                <position x="-2.229931" y="0.020000" z="7.129993"/>
                <normal x="0.000000" y="1.000000" z="-0.000000"/>
            </vertex>
            <vertex>
                <position x="-0.229931" y="0.020000" z="7.429993"/>
                <normal x="0.000000" y="1.000000" z="0.000000"/>
            </vertex>
            <vertex>
                <position x="-2.229931" y="0.020000" z="7.829993"/>
                <normal x="0.000000" y="1.000000" z="0.000000"/>
            </vertex>
            <vertex>
                <position x="0.570068" y="0.020000" z="7.829993"/>
                <normal x="0.000000" y="1.000000" z="0.000000"/>
            </vertex>
            <vertex>
                <position x="-2.029932" y="0.020000" z="5.729993"/>
                <normal x="-0.000000" y="1.000000" z="-0.000000"/>
            </vertex>
            <vertex>
                <position x="2.270069" y="0.020000" z="4.729993"/>
                <normal x="0.000000" y="1.000000" z="0.000000"/>
            </vertex>
            <vertex>
                <position x="1.570068" y="0.020000" z="5.329993"/>
                <normal x="0.000000" y="1.000000" z="0.000000"/>
            </vertex>
            <vertex>
                <position x="2.370069" y="0.020000" z="5.129993"/>
                <normal x="0.000000" y="1.000000" z="0.000000"/>
            </vertex>
            <vertex>
                <position x="1.570068" y="0.020000" z="5.329993"/>
                <normal x="-0.000000" y="1.000000" z="-0.000000"/>
            </vertex>
            <vertex>
                <position x="1.470069" y="0.020000" z="4.729993"/>
                <normal x="-0.000000" y="1.000000" z="-0.000000"/>
            </vertex>
            <vertex>
                <position x="1.370069" y="0.020000" z="5.229993"/>
                <normal x="-0.000000" y="1.000000" z="-0.000000"/>
            </vertex>
            <vertex>
                <position x="2.270069" y="0.020000" z="4.729993"/>
                <normal x="0.000000" y="1.000000" z="-0.000000"/>
            </vertex>
            <vertex>
                <position x="1.070068" y="0.020000" z="7.429993"/>
                <normal x="0.000000" y="1.000000" z="0.000000"/>
            </vertex>
            <vertex>
                <position x="1.870069" y="0.020000" z="7.829993"/>
                <normal x="0.000000" y="1.000000" z="0.000000"/>
            </vertex>
            <vertex>
                <position x="1.070068" y="0.020000" z="7.429993"/>
                <normal x="-0.000000" y="1.000000" z="-0.000000"/>
            </vertex>
            <vertex>
                <position x="0.570068" y="0.020000" z="7.529993"/>
                <normal x="-0.000000" y="1.000000" z="-0.000000"/>
            </vertex>
            <vertex>
                <position x="3.270069" y="0.020000" z="6.029993"/>
                <normal x="0.000000" y="1.000000" z="0.000000"/>
            </vertex>
            <vertex>
                <position x="1.970069" y="0.020000" z="6.829993"/>
                <normal x="0.000000" y="1.000000" z="0.000000"/>
            </vertex>
            <vertex>
                <position x="3.070068" y="0.020000" z="6.829993"/>
                <normal x="0.000000" y="1.000000" z="0.000000"/>
            </vertex>
            <vertex>
                <position x="1.570068" y="0.020000" z="6.429993"/>
                <normal x="-0.000000" y="1.000000" z="-0.000000"/>
            </vertex>
            <vertex>
                <position x="3.270069" y="0.020000" z="5.129993"/>
                <normal x="0.000000" y="1.000000" z="0.000000"/>
            </vertex>
            <vertex>
                <position x="4.870069" y="0.020000" z="7.829993"/>
                <normal x="-0.000000" y="1.000000" z="-0.000000"/>
            </vertex>
            <vertex>
                <position x="3.770069" y="0.020000" z="6.929993"/>
                <normal x="-0.000000" y="1.000000" z="-0.000000"/>
            </vertex>
            <vertex>
                <position x="3.170069" y="0.020000" z="7.829993"/>
                <normal x="-0.000000" y="1.000000" z="-0.000000"/>
            </vertex>
            <vertex>
                <position x="4.870069" y="0.020000" z="7.029993"/>
                <normal x="0.000000" y="1.000000" z="-0.000000"/>
            </vertex>
            <vertex>
                <position x="3.770069" y="0.020000" z="6.129993"/>
                <normal x="0.000000" y="1.000000" z="-0.000000"/>
            </vertex>
            <vertex>
                <position x="1.070068" y="0.020000" z="6.529993"/>
                <normal x="0.000000" y="1.000000" z="0.000000"/>
            </vertex>
            <vertex>
                <position x="1.970069" y="0.020000" z="6.829993"/>
                <normal x="0.000000" y="1.000000" z="0.000000"/>
            </vertex>
            <vertex>
                <position x="1.870069" y="0.020000" z="7.829993"/>
                <normal x="0.000000" y="1.000000" z="0.000000"/>
            </vertex>
            <vertex>
                <position x="5.070068" y="0.020000" z="6.929993"/>
                <normal x="0.000000" y="1.000000" z="0.000000"/>
            </vertex>
            <vertex>
                <position x="5.070068" y="0.020000" z="6.129993"/>
                <normal x="0.000000" y="1.000000" z="0.000000"/>
            </vertex>
            <vertex>
                <position x="5.570068" y="0.020000" z="6.029993"/>
                <normal x="0.000000" y="1.000000" z="0.000000"/>
            </vertex>
            <vertex>
                <position x="5.570068" y="0.020000" z="4.129993"/>
                <normal x="0.000000" y="1.000000" z="0.000000"/>
            </vertex>
            <vertex>
                <position x="5.570068" y="0.020000" z="4.929993"/>
                <normal x="0.000000" y="1.000000" z="0.000000"/>
            </vertex>
            <vertex>
                <position x="6.270069" y="0.020000" z="4.129993"/>
                <normal x="0.000000" y="1.000000" z="0.000000"/>
            </vertex>
            <vertex>
                <position x="6.370069" y="0.020000" z="3.429993"/>
                <normal x="0.000000" y="1.000000" z="0.000000"/>
            </vertex>
            <vertex>
                <position x="7.870069" y="0.020000" z="3.529993"/>
                <normal x="0.000000" y="1.000000" z="0.000000"/>
            </vertex>
            <vertex>
                <position x="7.870069" y="0.020000" z="7.829993"/>
                <normal x="0.000000" y="1.000000" z="0.000000"/>
            </vertex>
            <vertex>
                <position x="-1.229931" y="0.020000" z="3.829993"/>
                <normal x="-0.000000" y="1.000000" z="0.000000"/>
            </vertex>
            <vertex>
                <position x="-1.529932" y="0.020000" z="3.229993"/>
                <normal x="-0.000000" y="1.000000" z="0.000000"/>
            </vertex>
            <vertex>
                <position x="-1.429931" y="0.020000" z="3.929993"/>
                <normal x="-0.000000" y="1.000000" z="0.000000"/>
            </vertex>
            <vertex>
                <position x="-4.529931" y="0.020000" z="5.029993"/>
                <normal x="0.000000" y="1.000000" z="0.000000"/>
            </vertex>
            <vertex>
                <position x="-4.529931" y="0.020000" z="5.429993"/>
                <normal x="0.000000" y="1.000000" z="0.000000"/>
            </vertex>
            <vertex>
                <position x="-4.429932" y="0.020000" z="4.329993"/>
                <normal x="0.000000" y="1.000000" z="0.000000"/>
            </vertex>
            <vertex>
                <position x="-2.529932" y="0.020000" z="3.329993"/>
                <normal x="0.000000" y="1.000000" z="-0.000000"/>
            </vertex>
            <vertex>
                <position x="-2.429931" y="0.020000" z="4.529993"/>
                <normal x="0.000000" y="1.000000" z="0.000000"/>
            </vertex>
            <vertex>
                <position x="-1.429931" y="0.020000" z="4.429993"/>
                <normal x="0.000000" y="1.000000" z="0.000000"/>
            </vertex>
            <vertex>
                <position x="-2.629931" y="0.020000" z="4.129993"/>
                <normal x="-0.000000" y="1.000000" z="-0.000000"/>
            </vertex>
            <vertex>
                <position x="-2.229931" y="0.020000" z="7.129993"/>
                <normal x="-0.000000" y="1.000000" z="-0.000000"/>
            </vertex>
            <vertex>
                <position x="-2.029932" y="0.020000" z="5.729993"/>
                <normal x="-0.000000" y="1.000000" z="-0.000000"/>
            </vertex>
            <vertex>
                <position x="-2.329931" y="0.020000" z="6.929993"/>
                <normal x="-0.000000" y="1.000000" z="-0.000000"/>
            </vertex>
            <vertex>
                <position x="-2.429931" y="0.020000" z="5.629993"/>
                <normal x="0.000000" y="1.000000" z="-0.000000"/>
            </vertex>
            <vertex>
                <position x="-2.329931" y="0.020000" z="6.929993"/>
                <normal x="0.000000" y="1.000000" z="-0.000000"/>
            </vertex>
            <vertex>
                <position x="-3.329931" y="0.020000" z="6.929993"/>
                <normal x="-0.000000" y="1.000000" z="0.000000"/>
            </vertex>
            <vertex>
                <position x="-3.529932" y="0.020000" z="5.529993"/>
                <normal x="0.000000" y="1.000000" z="-0.000000"/>
            </vertex>
            <vertex>
                <position x="-6.229931" y="0.020000" z="5.929993"/>
                <normal x="0.000000" y="1.000000" z="-0.000000"/>
            </vertex>
            <vertex>
                <position x="-5.829931" y="0.020000" z="5.029993"/>
                <normal x="0.000000" y="1.000000" z="-0.000000"/>
            </vertex>
            <vertex>
                <position x="-7.329931" y="0.020000" z="5.929993"/>
                <normal x="0.000000" y="1.000000" z="-0.000000"/>
            </vertex>
            <vertex>
                <position x="-7.929932" y="0.020000" z="4.929993"/>
                <normal x="0.000000" y="1.000000" z="-0.000000"/>
            </vertex>
            <vertex>
                <position x="-6.629931" y="0.020000" z="4.129993"/>
                <normal x="-0.000000" y="1.000000" z="-0.000000"/>
            </vertex>
            <vertex>
                <position x="-6.629931" y="0.020000" z="3.229993"/>
                <normal x="-0.000000" y="1.000000" z="-0.000000"/>
            </vertex>
            <vertex>
                <position x="-6.929932" y="0.020000" z="3.729993"/>
                <normal x="-0.000000" y="1.000000" z="-0.000000"/>
            </vertex>
            <vertex>
                <position x="-7.029932" y="0.020000" z="3.129993"/>
                <normal x="0.000000" y="1.000000" z="-0.000000"/>
            </vertex>
            <vertex>
                <position x="-7.029932" y="0.020000" z="3.129993"/>
                <normal x="-0.000000" y="1.000000" z="-0.000000"/>
            </vertex>
            <vertex>
                <position x="-7.929932" y="0.020000" z="2.529993"/>
                <normal x="-0.000000" y="1.000000" z="-0.000000"/>
            </vertex>
            <vertex>
                <position x="-7.929932" y="0.020000" z="3.629993"/>
                <normal x="-0.000000" y="1.000000" z="-0.000000"/>
            </vertex>
            <vertex>
                <position x="-7.929932" y="0.020000" z="2.529993"/>
                <normal x="0.000000" y="1.000000" z="-0.000000"/>
            </vertex>
            <vertex>
                <position x="-7.029932" y="0.020000" z="2.729993"/>
                <normal x="0.000000" y="1.000000" z="-0.000000"/>
            </vertex>
            <vertex>
                <position x="-6.929932" y="0.020000" z="4.829993"/>
                <normal x="-0.000000" y="1.000000" z="-0.000000"/>
            </vertex>
            <vertex>
                <position x="-5.829931" y="0.020000" z="4.229993"/>
                <normal x="0.000000" y="1.000000" z="-0.000000"/>
            </vertex>
            <vertex>
                <position x="-7.929932" y="0.020000" z="3.629993"/>
                <normal x="0.000000" y="1.000000" z="-0.000000"/>
            </vertex>
            <vertex>
                <position x="-7.929932" y="0.020000" z="4.929993"/>
                <normal x="-0.000000" y="1.000000" z="-0.000000"/>
            </vertex>
            <vertex>
                <position x="-0.829931" y="0.020000" z="1.529993"/>
                <normal x="0.000000" y="1.000000" z="0.000000"/>
            </vertex>
            <vertex>
                <position x="-1.529932" y="0.020000" z="2.129993"/>
                <normal x="0.000000" y="1.000000" z="0.000000"/>
            </vertex>
            <vertex>
                <position x="-0.729931" y="0.020000" z="2.129993"/>
                <normal x="0.000000" y="1.000000" z="0.000000"/>
            </vertex>
            <vertex>
                <position x="-1.629931" y="0.020000" z="1.529993"/>
                <normal x="-0.000000" y="1.000000" z="-0.000000"/>
            </vertex>
            <vertex>
                <position x="-1.729931" y="0.020000" z="2.029993"/>
                <normal x="-0.000000" y="1.000000" z="-0.000000"/>
            </vertex>
            <vertex>
                <position x="1.370069" y="0.020000" z="5.229993"/>
                <normal x="-0.000000" y="1.000000" z="-0.000000"/>
            </vertex>
            <vertex>
                <position x="1.270069" y="0.020000" z="4.629993"/>
                <normal x="-0.000000" y="1.000000" z="-0.000000"/>
            </vertex>
            <vertex>
                <position x="0.370069" y="0.020000" z="5.229993"/>
                <normal x="-0.000000" y="1.000000" z="-0.000000"/>
            </vertex>
            <vertex>
                <position x="1.470069" y="0.020000" z="4.729993"/>
                <normal x="0.000000" y="1.000000" z="-0.000000"/>
            </vertex>
            <vertex>
                <position x="1.170069" y="0.020000" z="1.529993"/>
                <normal x="-0.000000" y="1.000000" z="-0.000000"/>
            </vertex>
            <vertex>
                <position x="0.470069" y="0.020000" z="1.229993"/>
                <normal x="-0.000000" y="1.000000" z="-0.000000"/>
            </vertex>
            <vertex>
                <position x="0.370069" y="0.020000" z="2.129993"/>
                <normal x="-0.000000" y="1.000000" z="-0.000000"/>
            </vertex>
            <vertex>
                <position x="1.070068" y="0.020000" z="1.229993"/>
                <normal x="0.000000" y="1.000000" z="-0.000000"/>
            </vertex>
            <vertex>
                <position x="4.370069" y="0.020000" z="3.029993"/>
                <normal x="0.000000" y="1.000000" z="0.000000"/>
            </vertex>
            <vertex>
                <position x="3.570068" y="0.020000" z="3.129993"/>
                <normal x="0.000000" y="1.000000" z="0.000000"/>
            </vertex>
            <vertex>
                <position x="4.470069" y="0.020000" z="3.829993"/>
                <normal x="0.000000" y="1.000000" z="0.000000"/>
            </vertex>
            <vertex>
                <position x="3.570068" y="0.020000" z="3.129993"/>
                <normal x="0.000000" y="1.000000" z="-0.000000"/>
            </vertex>
            <vertex>
                <position x="4.370069" y="0.020000" z="3.029993"/>
                <normal x="0.000000" y="1.000000" z="-0.000000"/>
            </vertex>
            <vertex>
                <position x="3.670069" y="0.020000" z="2.629993"/>
                <normal x="0.000000" y="1.000000" z="-0.000000"/>
            </vertex>
            <vertex>
                <position x="4.270069" y="0.020000" z="2.629993"/>
                <normal x="0.000000" y="1.000000" z="-0.000000"/>
            </vertex>
            <vertex>
                <position x="2.470069" y="0.020000" z="3.429993"/>
                <normal x="-0.000000" y="1.000000" z="-0.000000"/>
            </vertex>
            <vertex>
                <position x="2.470069" y="0.020000" z="3.129993"/>
                <normal x="-0.000000" y="1.000000" z="-0.000000"/>
            </vertex>
            <vertex>
                <position x="1.270069" y="0.020000" z="3.529993"/>
                <normal x="-0.000000" y="1.000000" z="-0.000000"/>
            </vertex>
            <vertex>
                <position x="2.570068" y="0.020000" z="3.829993"/>
                <normal x="0.000000" y="1.000000" z="0.000000"/>
            </vertex>
            <vertex>
                <position x="2.570068" y="0.020000" z="3.829993"/>
                <normal x="-0.000000" y="1.000000" z="-0.000000"/>
            </vertex>
            <vertex>
                <position x="2.470069" y="0.020000" z="3.429993"/>
                <normal x="-0.000000" y="1.000000" z="-0.000000"/>
            </vertex>
            <vertex>
                <position x="2.470069" y="0.020000" z="3.129993"/>
                <normal x="-0.000000" y="1.000000" z="-0.000000"/>
            </vertex>
            <vertex>
                <position x="2.470069" y="0.020000" z="1.829993"/>
                <normal x="0.000000" y="1.000000" z="-0.000000"/>
            </vertex>
            <vertex>
                <position x="2.170069" y="0.020000" z="1.529993"/>
                <normal x="0.000000" y="1.000000" z="-0.000000"/>
            </vertex>
            <vertex>
                <position x="1.170069" y="0.020000" z="1.529993"/>
                <normal x="-0.000000" y="1.000000" z="0.000000"/>
            </vertex>
            <vertex>
                <position x="1.270069" y="0.020000" z="3.529993"/>
                <normal x="-0.000000" y="1.000000" z="0.000000"/>
            </vertex>
            <vertex>
                <position x="-0.129931" y="0.020000" z="3.929993"/>
                <normal x="0.000000" y="1.000000" z="0.000000"/>
            </vertex>
            <vertex>
                <position x="-0.729931" y="0.020000" z="2.129993"/>
                <normal x="0.000000" y="1.000000" z="-0.000000"/>
            </vertex>
            <vertex>
                <position x="-0.129931" y="0.020000" z="3.929993"/>
                <normal x="0.000000" y="1.000000" z="-0.000000"/>
            </vertex>
            <vertex>
                <position x="0.370069" y="0.020000" z="2.129993"/>
                <normal x="0.000000" y="1.000000" z="-0.000000"/>
            </vertex>
            <vertex>
                <position x="5.070068" y="0.020000" z="4.029993"/>
                <normal x="-0.000000" y="1.000000" z="-0.000000"/>
            </vertex>
            <vertex>
                <position x="4.570068" y="0.020000" z="4.829993"/>
                <normal x="-0.000000" y="1.000000" z="-0.000000"/>
            </vertex>
            <vertex>
                <position x="5.070068" y="0.020000" z="3.029993"/>
                <normal x="-0.000000" y="1.000000" z="-0.000000"/>
            </vertex>
            <vertex>
                <position x="-1.529932" y="0.020000" z="2.129993"/>
                <normal x="0.000000" y="1.000000" z="0.000000"/>
            </vertex>
            <vertex>
                <position x="-5.329931" y="0.020000" z="4.129993"/>
                <normal x="0.000000" y="1.000000" z="0.000000"/>
            </vertex>
            <vertex>
                <position x="-4.829931" y="0.020000" z="4.229993"/>
                <normal x="0.000000" y="1.000000" z="0.000000"/>
            </vertex>
            <vertex>
                <position x="-4.829931" y="0.020000" z="4.229993"/>
                <normal x="0.000000" y="1.000000" z="-0.000000"/>
            </vertex>
            <vertex>
                <position x="-4.529931" y="0.020000" z="5.029993"/>
                <normal x="0.000000" y="1.000000" z="-0.000000"/>
            </vertex>
            <vertex>
                <position x="-4.429932" y="0.020000" z="4.329993"/>
                <normal x="0.000000" y="1.000000" z="-0.000000"/>
            </vertex>
            <vertex>
                <position x="-2.829931" y="0.020000" z="2.829993"/>
                <normal x="-0.000000" y="1.000000" z="-0.000000"/>
            </vertex>
            <vertex>
                <position x="-2.829931" y="0.020000" z="2.129993"/>
                <normal x="-0.000000" y="1.000000" z="-0.000000"/>
            </vertex>
            <vertex>
                <position x="-3.729931" y="0.020000" z="2.829993"/>
                <normal x="-0.000000" y="1.000000" z="-0.000000"/>
            </vertex>
            <vertex>
                <position x="-3.729931" y="0.020000" z="2.829993"/>
                <normal x="-0.000000" y="1.000000" z="-0.000000"/>
            </vertex>
            <vertex>
                <position x="-3.429931" y="0.020000" z="1.529993"/>
                <normal x="-0.000000" y="1.000000" z="-0.000000"/>
            </vertex>
            <vertex>
                <position x="-4.429932" y="0.020000" z="1.729993"/>
                <normal x="-0.000000" y="1.000000" z="-0.000000"/>
            </vertex>
            <vertex>
                <position x="-4.329931" y="0.020000" z="1.529993"/>
                <normal x="-0.000000" y="1.000000" z="-0.000000"/>
            </vertex>
            <vertex>
                <position x="-2.829931" y="0.020000" z="2.129993"/>
                <normal x="0.000000" y="1.000000" z="0.000000"/>
            </vertex>
            <vertex>
                <position x="-4.829931" y="0.020000" z="3.129993"/>
                <normal x="-0.000000" y="1.000000" z="-0.000000"/>
            </vertex>
            <vertex>
                <position x="-5.829931" y="0.020000" z="1.929993"/>
                <normal x="-0.000000" y="1.000000" z="0.000000"/>
            </vertex>
            <vertex>
                <position x="-5.729931" y="0.020000" z="2.929993"/>
                <normal x="-0.000000" y="1.000000" z="0.000000"/>
            </vertex>
            <vertex>
                <position x="-5.629931" y="0.020000" z="1.629993"/>
                <normal x="0.000000" y="1.000000" z="-0.000000"/>
            </vertex>
            <vertex>
                <position x="-4.429932" y="0.020000" z="1.729993"/>
                <normal x="0.000000" y="1.000000" z="0.000000"/>
            </vertex>
            <vertex>
                <position x="-5.829931" y="0.020000" z="1.929993"/>
                <normal x="0.000000" y="1.000000" z="0.000000"/>
            </vertex>
            <vertex>
                <position x="-4.829931" y="0.020000" z="3.129993"/>
                <normal x="0.000000" y="1.000000" z="0.000000"/>
            </vertex>
            <vertex>
                <position x="-5.329931" y="0.020000" z="3.029993"/>
                <normal x="0.000000" y="1.000000" z="-0.000000"/>
            </vertex>
            <vertex>
                <position x="-3.829931" y="0.020000" z="3.029993"/>
                <normal x="-0.000000" y="1.000000" z="-0.000000"/>
            </vertex>
            <vertex>
                <position x="6.370069" y="0.020000" z="-0.070007"/>
                <normal x="-0.000000" y="1.000000" z="-0.000000"/>
            </vertex>
            <vertex>
                <position x="5.570068" y="0.020000" z="-0.570007"/>
                <normal x="-0.000000" y="1.000000" z="-0.000000"/>
            </vertex>
            <vertex>
                <position x="5.470069" y="0.020000" z="-0.370008"/>
                <normal x="-0.000000" y="1.000000" z="-0.000000"/>
            </vertex>
            <vertex>
                <position x="6.570068" y="0.020000" z="-0.170007"/>
                <normal x="0.000000" y="1.000000" z="-0.000000"/>
            </vertex>
            <vertex>
                <position x="6.370069" y="0.020000" z="2.029993"/>
                <normal x="0.000000" y="1.000000" z="0.000000"/>
            </vertex>
            <vertex>
                <position x="5.570068" y="0.020000" z="2.829993"/>
                <normal x="0.000000" y="1.000000" z="0.000000"/>
            </vertex>
            <vertex>
                <position x="6.270069" y="0.020000" z="2.829993"/>
                <normal x="0.000000" y="1.000000" z="0.000000"/>
            </vertex>
            <vertex>
                <position x="5.570068" y="0.020000" z="0.929993"/>
                <normal x="0.000000" y="1.000000" z="-0.000000"/>
            </vertex>
            <vertex>
                <position x="4.070068" y="0.020000" z="-0.170007"/>
                <normal x="0.000000" y="1.000000" z="-0.000000"/>
            </vertex>
            <vertex>
                <position x="4.370069" y="0.020000" z="0.829993"/>
                <normal x="0.000000" y="1.000000" z="-0.000000"/>
            </vertex>
            <vertex>
                <position x="4.370069" y="0.020000" z="-0.170007"/>
                <normal x="0.000000" y="1.000000" z="-0.000000"/>
            </vertex>
            <vertex>
                <position x="4.270069" y="0.020000" z="1.029993"/>
                <normal x="-0.000000" y="1.000000" z="0.000000"/>
            </vertex>
            <vertex>
                <position x="6.370069" y="0.020000" z="3.429993"/>
                <normal x="0.000000" y="1.000000" z="-0.000000"/>
            </vertex>
            <vertex>
                <position x="7.870069" y="0.020000" z="3.529993"/>
                <normal x="0.000000" y="1.000000" z="-0.000000"/>
            </vertex>
            <vertex>
                <position x="6.270069" y="0.020000" z="2.829993"/>
                <normal x="0.000000" y="1.000000" z="-0.000000"/>
            </vertex>
            <vertex>
                <position x="7.570068" y="0.020000" z="2.129993"/>
                <normal x="0.000000" y="1.000000" z="-0.000000"/>
            </vertex>
            <vertex>
                <position x="4.470069" y="0.020000" z="-0.370008"/>
                <normal x="-0.000000" y="1.000000" z="-0.000000"/>
            </vertex>
            <vertex>
                <position x="7.870069" y="0.020000" z="0.929993"/>
                <normal x="0.000000" y="1.000000" z="0.000000"/>
            </vertex>
            <vertex>
                <position x="7.570068" y="0.020000" z="2.129993"/>
                <normal x="0.000000" y="1.000000" z="0.000000"/>
            </vertex>
            <vertex>
                <position x="7.670069" y="0.020000" z="0.929993"/>
                <normal x="-0.000000" y="1.000000" z="-0.000000"/>
            </vertex>
            <vertex>
                <position x="-7.729931" y="0.020000" z="0.229993"/>
                <normal x="-0.000000" y="1.000000" z="-0.000000"/>
            </vertex>
            <vertex>
                <position x="-7.929932" y="0.020000" z="-0.770007"/>
                <normal x="-0.000000" y="1.000000" z="-0.000000"/>
            </vertex>
            <vertex>
                <position x="-7.729931" y="0.020000" z="-0.770007"/>
                <normal x="0.000000" y="1.000000" z="-0.000000"/>
            </vertex>
            <vertex>
                <position x="-6.929932" y="0.020000" z="1.929993"/>
                <normal x="-0.000000" y="1.000000" z="-0.000000"/>
            </vertex>
            <vertex>
                <position x="-6.629931" y="0.020000" z="0.329993"/>
                <normal x="0.000000" y="1.000000" z="-0.000000"/>
            </vertex>
            <vertex>
                <position x="-5.629931" y="0.020000" z="0.729993"/>
                <normal x="0.000000" y="1.000000" z="-0.000000"/>
            </vertex>
            <vertex>
                <position x="-7.729931" y="0.020000" z="0.229993"/>
                <normal x="0.000000" y="1.000000" z="-0.000000"/>
            </vertex>
            <vertex>
                <position x="-6.929932" y="0.020000" z="1.929993"/>
                <normal x="0.000000" y="1.000000" z="-0.000000"/>
            </vertex>
            <vertex>
                <position x="-6.629931" y="0.020000" z="0.329993"/>
                <normal x="0.000000" y="1.000000" z="-0.000000"/>
            </vertex>
            <vertex>
                <position x="-3.529932" y="0.020000" z="-1.270007"/>
                <normal x="0.000000" y="1.000000" z="-0.000000"/>
            </vertex>
            <vertex>
                <position x="-2.429931" y="0.020000" z="-1.270007"/>
                <normal x="0.000000" y="1.000000" z="-0.000000"/>
            </vertex>
            <vertex>
                <position x="-3.429931" y="0.020000" z="-1.670007"/>
                <normal x="0.000000" y="1.000000" z="-0.000000"/>
            </vertex>
            <vertex>
                <position x="-3.429931" y="0.020000" z="-1.670007"/>
                <normal x="0.000000" y="1.000000" z="-0.000000"/>
            </vertex>
            <vertex>
                <position x="-2.429931" y="0.020000" z="-1.270007"/>
                <normal x="0.000000" y="1.000000" z="-0.000000"/>
            </vertex>
            <vertex>
                <position x="-2.529932" y="0.020000" z="-1.670007"/>
                <normal x="0.000000" y="1.000000" z="-0.000000"/>
            </vertex>
            <vertex>
                <position x="-2.529932" y="0.020000" z="-1.670007"/>
                <normal x="0.000000" y="1.000000" z="-0.000000"/>
            </vertex>
            <vertex>
                <position x="-2.229931" y="0.020000" z="-1.370008"/>
                <normal x="0.000000" y="1.000000" z="-0.000000"/>
            </vertex>
            <vertex>
                <position x="-1.829931" y="0.020000" z="1.429993"/>
                <normal x="-0.000000" y="1.000000" z="0.000000"/>
            </vertex>
            <vertex>
                <position x="-4.629931" y="0.020000" z="-0.670007"/>
                <normal x="0.000000" y="1.000000" z="-0.000000"/>
            </vertex>
            <vertex>
                <position x="-4.429932" y="0.020000" z="0.229993"/>
                <normal x="0.000000" y="1.000000" z="-0.000000"/>
            </vertex>
            <vertex>
                <position x="-4.429932" y="0.020000" z="-0.770007"/>
                <normal x="0.000000" y="1.000000" z="-0.000000"/>
            </vertex>
            <vertex>
                <position x="-4.429932" y="0.020000" z="-1.270007"/>
                <normal x="0.000000" y="1.000000" z="0.000000"/>
            </vertex>
            <vertex>
                <position x="-2.829931" y="0.020000" z="0.829993"/>
                <normal x="0.000000" y="1.000000" z="-0.000000"/>
            </vertex>
            <vertex>
                <position x="-1.829931" y="0.020000" z="1.429993"/>
                <normal x="0.000000" y="1.000000" z="0.000000"/>
            </vertex>
            <vertex>
                <position x="-2.429931" y="0.020000" z="-0.370008"/>
                <normal x="-0.000000" y="1.000000" z="-0.000000"/>
            </vertex>
            <vertex>
                <position x="-2.829931" y="0.020000" z="-0.270007"/>
                <normal x="-0.000000" y="1.000000" z="-0.000000"/>
            </vertex>
            <vertex>
                <position x="-3.329931" y="0.020000" z="0.329993"/>
                <normal x="-0.000000" y="1.000000" z="-0.000000"/>
            </vertex>
            <vertex>
                <position x="-1.829931" y="0.020000" z="0.929993"/>
                <normal x="-0.000000" y="1.000000" z="0.000000"/>
            </vertex>
            <vertex>
                <position x="-2.829931" y="0.020000" z="-0.270007"/>
                <normal x="-0.000000" y="1.000000" z="0.000000"/>
            </vertex>
            <vertex>
                <position x="-3.529932" y="0.020000" z="-1.270007"/>
                <normal x="-0.000000" y="1.000000" z="0.000000"/>
            </vertex>
            <vertex>
                <position x="-3.329931" y="0.020000" z="0.329993"/>
                <normal x="-0.000000" y="1.000000" z="0.000000"/>
            </vertex>
            <vertex>
                <position x="3.370069" y="0.020000" z="1.329993"/>
                <normal x="0.000000" y="1.000000" z="0.000000"/>
            </vertex>
            <vertex>
                <position x="2.370069" y="0.020000" z="1.429993"/>
                <normal x="0.000000" y="1.000000" z="0.000000"/>
            </vertex>
            <vertex>
                <position x="3.270069" y="0.020000" z="1.829993"/>
                <normal x="0.000000" y="1.000000" z="0.000000"/>
            </vertex>
            <vertex>
                <position x="2.470069" y="0.020000" z="1.829993"/>
                <normal x="-0.000000" y="1.000000" z="-0.000000"/>
            </vertex>
            <vertex>
                <position x="2.370069" y="0.020000" z="1.429993"/>
                <normal x="-0.000000" y="1.000000" z="-0.000000"/>
            </vertex>
            <vertex>
                <position x="2.170069" y="0.020000" z="1.529993"/>
                <normal x="-0.000000" y="1.000000" z="-0.000000"/>
            </vertex>
            <vertex>
                <position x="1.570068" y="0.020000" z="-1.870008"/>
                <normal x="0.000000" y="1.000000" z="-0.000000"/>
            </vertex>
            <vertex>
                <position x="1.770069" y="0.020000" z="-1.370008"/>
                <normal x="0.000000" y="1.000000" z="-0.000000"/>
            </vertex>
            <vertex>
                <position x="2.570068" y="0.020000" z="-1.870008"/>
                <normal x="0.000000" y="1.000000" z="-0.000000"/>
            </vertex>
            <vertex>
                <position x="1.470069" y="0.020000" z="-1.470007"/>
                <normal x="-0.000000" y="1.000000" z="-0.000000"/>
            </vertex>
            <vertex>
                <position x="5.170069" y="0.020000" z="-2.970007"/>
                <normal x="-0.000000" y="1.000000" z="-0.000000"/>
            </vertex>
            <vertex>
                <position x="4.770069" y="0.020000" z="-3.470007"/>
                <normal x="-0.000000" y="1.000000" z="-0.000000"/>
            </vertex>
            <vertex>
                <position x="4.670069" y="0.020000" z="-2.870008"/>
                <normal x="-0.000000" y="1.000000" z="-0.000000"/>
            </vertex>
            <vertex>
                <position x="5.170069" y="0.020000" z="-3.470007"/>
                <normal x="0.000000" y="1.000000" z="-0.000000"/>
            </vertex>
            <vertex>
                <position x="3.170069" y="0.020000" z="-0.270007"/>
                <normal x="-0.000000" y="1.000000" z="-0.000000"/>
            </vertex>
            <vertex>
                <position x="2.770069" y="0.020000" z="-0.670007"/>
                <normal x="-0.000000" y="1.000000" z="-0.000000"/>
            </vertex>
            <vertex>
                <position x="2.770069" y="0.020000" z="0.429993"/>
                <normal x="-0.000000" y="1.000000" z="-0.000000"/>
            </vertex>
            <vertex>
                <position x="3.270069" y="0.020000" z="-1.470007"/>
                <normal x="0.000000" y="1.000000" z="-0.000000"/>
            </vertex>
            <vertex>
                <position x="5.570068" y="0.020000" z="-1.570007"/>
                <normal x="-0.000000" y="1.000000" z="-0.000000"/>
            </vertex>
            <vertex>
                <position x="5.670069" y="0.020000" z="-1.770007"/>
                <normal x="-0.000000" y="1.000000" z="-0.000000"/>
            </vertex>
            <vertex>
                <position x="4.370069" y="0.020000" z="-1.670007"/>
                <normal x="-0.000000" y="1.000000" z="-0.000000"/>
            </vertex>
            <vertex>
                <position x="5.570068" y="0.020000" z="-2.870008"/>
                <normal x="0.000000" y="1.000000" z="-0.000000"/>
            </vertex>
            <vertex>
                <position x="2.670069" y="0.020000" z="-2.770007"/>
                <normal x="0.000000" y="1.000000" z="-0.000000"/>
            </vertex>
            <vertex>
                <position x="4.270069" y="0.020000" z="-1.470007"/>
                <normal x="0.000000" y="1.000000" z="0.000000"/>
            </vertex>
            <vertex>
                <position x="4.270069" y="0.020000" z="1.329993"/>
                <normal x="-0.000000" y="1.000000" z="-0.000000"/>
            </vertex>
            <vertex>
                <position x="2.770069" y="0.020000" z="-0.670007"/>
                <normal x="-0.000000" y="1.000000" z="-0.000000"/>
            </vertex>
            <vertex>
                <position x="1.770069" y="0.020000" z="-1.370008"/>
                <normal x="-0.000000" y="1.000000" z="-0.000000"/>
            </vertex>
            <vertex>
                <position x="1.770069" y="0.020000" z="-0.770007"/>
                <normal x="-0.000000" y="1.000000" z="-0.000000"/>
            </vertex>
            <vertex>
                <position x="2.370069" y="0.020000" z="0.529993"/>
                <normal x="0.000000" y="1.000000" z="0.000000"/>
            </vertex>
            <vertex>
                <position x="-2.429931" y="0.020000" z="-3.370008"/>
                <normal x="0.000000" y="1.000000" z="0.000000"/>
            </vertex>
            <vertex>
                <position x="-2.429931" y="0.020000" z="-2.870008"/>
                <normal x="0.000000" y="1.000000" z="0.000000"/>
            </vertex>
            <vertex>
                <position x="-1.429931" y="0.020000" z="-3.370008"/>
                <normal x="0.000000" y="1.000000" z="0.000000"/>
            </vertex>
            <vertex>
                <position x="-2.629931" y="0.020000" z="-2.970007"/>
                <normal x="-0.000000" y="1.000000" z="-0.000000"/>
            </vertex>
            <vertex>
                <position x="0.770069" y="0.020000" z="-1.470007"/>
                <normal x="-0.000000" y="1.000000" z="-0.000000"/>
            </vertex>
            <vertex>
                <position x="1.370069" y="0.020000" z="-1.970007"/>
                <normal x="-0.000000" y="1.000000" z="-0.000000"/>
            </vertex>
            <vertex>
                <position x="0.670069" y="0.020000" z="-1.970007"/>
                <normal x="-0.000000" y="1.000000" z="-0.000000"/>
            </vertex>
            <vertex>
                <position x="-1.129931" y="0.020000" z="-0.170007"/>
                <normal x="0.000000" y="1.000000" z="0.000000"/>
            </vertex>
            <vertex>
                <position x="-1.529932" y="0.020000" z="0.229993"/>
                <normal x="0.000000" y="1.000000" z="0.000000"/>
            </vertex>
            <vertex>
                <position x="-0.629931" y="0.020000" z="0.229993"/>
                <normal x="0.000000" y="1.000000" z="0.000000"/>
            </vertex>
            <vertex>
                <position x="-1.529932" y="0.020000" z="0.229993"/>
                <normal x="-0.000000" y="1.000000" z="-0.000000"/>
            </vertex>
            <vertex>
                <position x="-1.129931" y="0.020000" z="-0.170007"/>
                <normal x="-0.000000" y="1.000000" z="-0.000000"/>
            </vertex>
            <vertex>
                <position x="-1.529932" y="0.020000" z="-0.070007"/>
                <normal x="-0.000000" y="1.000000" z="-0.000000"/>
            </vertex>
            <vertex>
                <position x="1.070068" y="0.020000" z="0.329993"/>
                <normal x="-0.000000" y="1.000000" z="-0.000000"/>
            </vertex>
            <vertex>
                <position x="1.470069" y="0.020000" z="-0.170007"/>
                <normal x="-0.000000" y="1.000000" z="-0.000000"/>
            </vertex>
            <vertex>
                <position x="0.570068" y="0.020000" z="-0.170007"/>
                <normal x="-0.000000" y="1.000000" z="-0.000000"/>
            </vertex>
            <vertex>
                <position x="1.470069" y="0.020000" z="0.229993"/>
                <normal x="0.000000" y="1.000000" z="0.000000"/>
            </vertex>
            <vertex>
                <position x="-0.029931" y="0.020000" z="-4.370008"/>
                <normal x="0.000000" y="1.000000" z="0.000000"/>
            </vertex>
            <vertex>
                <position x="-1.329931" y="0.020000" z="-4.270007"/>
                <normal x="0.000000" y="1.000000" z="0.000000"/>
            </vertex>
            <vertex>
                <position x="0.070068" y="0.020000" z="-3.670007"/>
                <normal x="0.000000" y="1.000000" z="0.000000"/>
            </vertex>
            <vertex>
                <position x="-0.529932" y="0.020000" z="-1.870008"/>
                <normal x="-0.000000" y="1.000000" z="-0.000000"/>
            </vertex>
            <vertex>
                <position x="1.370069" y="0.020000" z="-3.070007"/>
                <normal x="0.000000" y="1.000000" z="-0.000000"/>
            </vertex>
            <vertex>
                <position x="1.070068" y="0.020000" z="-3.670007"/>
                <normal x="0.000000" y="1.000000" z="0.000000"/>
            </vertex>
            <vertex>
                <position x="-1.229931" y="0.020000" z="-1.370008"/>
                <normal x="0.000000" y="1.000000" z="-0.000000"/>
            </vertex>
            <vertex>
                <position x="-0.429931" y="0.020000" z="-0.670007"/>
                <normal x="0.000000" y="1.000000" z="-0.000000"/>
            </vertex>
            <vertex>
                <position x="-0.529932" y="0.020000" z="-1.870008"/>
                <normal x="0.000000" y="1.000000" z="-0.000000"/>
            </vertex>
            <vertex>
                <position x="-0.429931" y="0.020000" z="-0.670007"/>
                <normal x="0.000000" y="1.000000" z="0.000000"/>
            </vertex>
            <vertex>
                <position x="-1.229931" y="0.020000" z="-1.370008"/>
                <normal x="0.000000" y="1.000000" z="-0.000000"/>
            </vertex>
            <vertex>
                <position x="0.370069" y="0.020000" z="0.829993"/>
                <normal x="0.000000" y="1.000000" z="0.000000"/>
            </vertex>
            <vertex>
                <position x="1.070068" y="0.020000" z="0.329993"/>
                <normal x="0.000000" y="1.000000" z="0.000000"/>
            </vertex>
            <vertex>
                <position x="0.370069" y="0.020000" z="0.829993"/>
                <normal x="0.000000" y="1.000000" z="0.000000"/>
            </vertex>
            <vertex>
                <position x="1.070068" y="0.020000" z="1.229993"/>
                <normal x="0.000000" y="1.000000" z="0.000000"/>
            </vertex>
            <vertex>
                <position x="0.470069" y="0.020000" z="1.229993"/>
                <normal x="-0.000000" y="1.000000" z="0.000000"/>
            </vertex>
            <vertex>
                <position x="-0.529932" y="0.020000" z="0.829993"/>
                <normal x="0.000000" y="1.000000" z="-0.000000"/>
            </vertex>
            <vertex>
                <position x="0.470069" y="0.020000" z="-0.670007"/>
                <normal x="0.000000" y="1.000000" z="-0.000000"/>
            </vertex>
            <vertex>
                <position x="6.870069" y="0.020000" z="-2.970007"/>
                <normal x="-0.000000" y="1.000000" z="-0.000000"/>
            </vertex>
            <vertex>
                <position x="6.970069" y="0.020000" z="-3.570007"/>
                <normal x="-0.000000" y="1.000000" z="-0.000000"/>
            </vertex>
            <vertex>
                <position x="6.470069" y="0.020000" z="-3.070007"/>
                <normal x="-0.000000" y="1.000000" z="-0.000000"/>
            </vertex>
            <vertex>
                <position x="6.470069" y="0.020000" z="-3.870008"/>
                <normal x="0.000000" y="1.000000" z="-0.000000"/>
            </vertex>
            <vertex>
                <position x="6.870069" y="0.020000" z="-3.970007"/>
                <normal x="0.000000" y="1.000000" z="-0.000000"/>
            </vertex>
            <vertex>
                <position x="7.570068" y="0.020000" z="-0.170007"/>
                <normal x="-0.000000" y="1.000000" z="-0.000000"/>
            </vertex>
            <vertex>
                <position x="7.870069" y="0.020000" z="-3.570007"/>
                <normal x="-0.000000" y="1.000000" z="-0.000000"/>
            </vertex>
            <vertex>
                <position x="6.870069" y="0.020000" z="-1.870008"/>
                <normal x="-0.000000" y="1.000000" z="-0.000000"/>
            </vertex>
            <vertex>
                <position x="6.870069" y="0.020000" z="-1.870008"/>
                <normal x="-0.000000" y="1.000000" z="-0.000000"/>
            </vertex>
            <vertex>
                <position x="7.870069" y="0.020000" z="-3.570007"/>
                <normal x="-0.000000" y="1.000000" z="-0.000000"/>
            </vertex>
            <vertex>
                <position x="6.870069" y="0.020000" z="-2.970007"/>
                <normal x="-0.000000" y="1.000000" z="-0.000000"/>
            </vertex>
            <vertex>
                <position x="7.570068" y="0.020000" z="-0.170007"/>
                <normal x="0.000000" y="1.000000" z="-0.000000"/>
            </vertex>
            <vertex>
                <position x="7.870069" y="0.020000" z="0.929993"/>
                <normal x="-0.000000" y="1.000000" z="0.000000"/>
            </vertex>
            <vertex>
                <position x="7.670069" y="0.020000" z="0.929993"/>
                <normal x="-0.000000" y="1.000000" z="0.000000"/>
            </vertex>
            <vertex>
                <position x="-6.429932" y="0.020000" z="0.229993"/>
                <normal x="0.000000" y="1.000000" z="-0.000000"/>
            </vertex>
            <vertex>
                <position x="-5.529931" y="0.020000" z="0.429993"/>
                <normal x="0.000000" y="1.000000" z="-0.000000"/>
            </vertex>
            <vertex>
                <position x="-6.429932" y="0.020000" z="-3.370008"/>
                <normal x="-0.000000" y="1.000000" z="0.000000"/>
            </vertex>
            <vertex>
                <position x="-7.929932" y="0.020000" z="-3.470007"/>
                <normal x="-0.000000" y="1.000000" z="0.000000"/>
            </vertex>
            <vertex>
                <position x="-6.329931" y="0.020000" z="-2.770007"/>
                <normal x="-0.000000" y="1.000000" z="0.000000"/>
            </vertex>
            <vertex>
                <position x="-7.729931" y="0.020000" z="-1.870008"/>
                <normal x="0.000000" y="1.000000" z="0.000000"/>
            </vertex>
            <vertex>
                <position x="-6.529932" y="0.020000" z="-1.970007"/>
                <normal x="0.000000" y="1.000000" z="0.000000"/>
            </vertex>
            <vertex>
                <position x="-5.729931" y="0.020000" z="-0.770007"/>
                <normal x="0.000000" y="1.000000" z="-0.000000"/>
            </vertex>
            <vertex>
                <position x="-4.629931" y="0.020000" z="0.429993"/>
                <normal x="0.000000" y="1.000000" z="0.000000"/>
            </vertex>
            <vertex>
                <position x="-7.729931" y="0.020000" z="-1.870008"/>
                <normal x="0.000000" y="1.000000" z="0.000000"/>
            </vertex>
            <vertex>
                <position x="-7.929932" y="0.020000" z="-0.770007"/>
                <normal x="0.000000" y="1.000000" z="0.000000"/>
            </vertex>
            <vertex>
                <position x="-7.729931" y="0.020000" z="-0.770007"/>
                <normal x="0.000000" y="1.000000" z="0.000000"/>
            </vertex>
            <vertex>
                <position x="-6.529932" y="0.020000" z="-1.970007"/>
                <normal x="-0.000000" y="1.000000" z="-0.000000"/>
            </vertex>
            <vertex>
                <position x="-5.729931" y="0.020000" z="-2.770007"/>
                <normal x="-0.000000" y="1.000000" z="-0.000000"/>
            </vertex>
            <vertex>
                <position x="-6.329931" y="0.020000" z="-2.770007"/>
                <normal x="-0.000000" y="1.000000" z="-0.000000"/>
            </vertex>
            <vertex>
                <position x="-5.729931" y="0.020000" z="-2.770007"/>
                <normal x="0.000000" y="1.000000" z="0.000000"/>
            </vertex>
            <vertex>
                <position x="-2.629931" y="0.020000" z="-3.470007"/>
                <normal x="-0.000000" y="1.000000" z="-0.000000"/>
            </vertex>
            <vertex>
                <position x="-3.629931" y="0.020000" z="-2.970007"/>
                <normal x="-0.000000" y="1.000000" z="-0.000000"/>
            </vertex>
            <vertex>
                <position x="-4.429932" y="0.020000" z="-2.570007"/>
                <normal x="0.000000" y="1.000000" z="-0.000000"/>
            </vertex>
            <vertex>
                <position x="-3.729931" y="0.020000" z="-2.570007"/>
                <normal x="0.000000" y="1.000000" z="-0.000000"/>
            </vertex>
            <vertex>
                <position x="-4.529931" y="0.020000" z="-2.970007"/>
                <normal x="0.000000" y="1.000000" z="-0.000000"/>
            </vertex>
            <vertex>
                <position x="-4.529931" y="0.020000" z="-2.970007"/>
                <normal x="0.000000" y="1.000000" z="-0.000000"/>
            </vertex>
            <vertex>
                <position x="-3.729931" y="0.020000" z="-2.570007"/>
                <normal x="0.000000" y="1.000000" z="-0.000000"/>
            </vertex>
            <vertex>
                <position x="-3.629931" y="0.020000" z="-2.970007"/>
                <normal x="0.000000" y="1.000000" z="-0.000000"/>
            </vertex>
            <vertex>
                <position x="-5.229931" y="0.020000" z="-4.070007"/>
                <normal x="-0.000000" y="1.000000" z="-0.000000"/>
            </vertex>
            <vertex>
                <position x="-4.629931" y="0.020000" z="-4.770007"/>
                <normal x="-0.000000" y="1.000000" z="-0.000000"/>
            </vertex>
            <vertex>
                <position x="-5.629931" y="0.020000" z="-4.770007"/>
                <normal x="-0.000000" y="1.000000" z="-0.000000"/>
            </vertex>
            <vertex>
                <position x="-4.529931" y="0.020000" z="-3.770007"/>
                <normal x="0.000000" y="1.000000" z="0.000000"/>
            </vertex>
            <vertex>
                <position x="-6.329931" y="0.020000" z="-4.070007"/>
                <normal x="-0.000000" y="1.000000" z="-0.000000"/>
            </vertex>
            <vertex>
                <position x="-2.629931" y="0.020000" z="-3.770007"/>
                <normal x="0.000000" y="1.000000" z="-0.000000"/>
            </vertex>
            <vertex>
                <position x="-2.629931" y="0.020000" z="-3.770007"/>
                <normal x="0.000000" y="1.000000" z="0.000000"/>
            </vertex>
            <vertex>
                <position x="-2.629931" y="0.020000" z="-3.470007"/>
                <normal x="0.000000" y="1.000000" z="0.000000"/>
            </vertex>
            <vertex>
                <position x="-5.729931" y="0.020000" z="-5.170007"/>
                <normal x="0.000000" y="1.000000" z="0.000000"/>
            </vertex>
            <vertex>
                <position x="-7.929932" y="0.020000" z="-5.170007"/>
                <normal x="-0.000000" y="1.000000" z="-0.000000"/>
            </vertex>
            <vertex>
                <position x="-5.129931" y="0.020000" z="-2.970007"/>
                <normal x="0.000000" y="1.000000" z="-0.000000"/>
            </vertex>
            <vertex>
                <position x="-4.529931" y="0.020000" z="-3.770007"/>
                <normal x="0.000000" y="1.000000" z="-0.000000"/>
            </vertex>
            <vertex>
                <position x="-5.229931" y="0.020000" z="-4.070007"/>
                <normal x="0.000000" y="1.000000" z="-0.000000"/>
            </vertex>
            <vertex>
                <position x="-5.129931" y="0.020000" z="-2.970007"/>
                <normal x="0.000000" y="1.000000" z="0.000000"/>
            </vertex>
            <vertex>
                <position x="1.270069" y="0.020000" z="-3.770007"/>
                <normal x="0.000000" y="1.000000" z="-0.000000"/>
            </vertex>
            <vertex>
                <position x="5.170069" y="0.020000" z="-4.070007"/>
                <normal x="0.000000" y="1.000000" z="-0.000000"/>
            </vertex>
            <vertex>
                <position x="4.670069" y="0.020000" z="-4.170007"/>
                <normal x="0.000000" y="1.000000" z="-0.000000"/>
            </vertex>
            <vertex>
                <position x="1.270069" y="0.020000" z="-4.370008"/>
                <normal x="0.000000" y="1.000000" z="-0.000000"/>
            </vertex>
            <vertex>
                <position x="2.470069" y="0.020000" z="-4.070007"/>
                <normal x="0.000000" y="1.000000" z="-0.000000"/>
            </vertex>
            <vertex>
                <position x="2.370069" y="0.020000" z="-4.470007"/>
                <normal x="0.000000" y="1.000000" z="-0.000000"/>
            </vertex>
            <vertex>
                <position x="2.470069" y="0.020000" z="-4.070007"/>
                <normal x="0.000000" y="1.000000" z="0.000000"/>
            </vertex>
            <vertex>
                <position x="2.370069" y="0.020000" z="-3.170007"/>
                <normal x="0.000000" y="1.000000" z="0.000000"/>
            </vertex>
            <vertex>
                <position x="1.270069" y="0.020000" z="-4.370008"/>
                <normal x="0.000000" y="1.000000" z="-0.000000"/>
            </vertex>
            <vertex>
                <position x="4.370069" y="0.020000" z="-5.270007"/>
                <normal x="0.000000" y="1.000000" z="0.000000"/>
            </vertex>
            <vertex>
                <position x="3.570068" y="0.020000" z="-5.270007"/>
                <normal x="0.000000" y="1.000000" z="0.000000"/>
            </vertex>
            <vertex>
                <position x="4.470069" y="0.020000" z="-4.870008"/>
                <normal x="0.000000" y="1.000000" z="0.000000"/>
            </vertex>
            <vertex>
                <position x="5.670069" y="0.020000" z="-4.970007"/>
                <normal x="0.000000" y="1.000000" z="-0.000000"/>
            </vertex>
            <vertex>
                <position x="5.670069" y="0.020000" z="-4.170007"/>
                <normal x="0.000000" y="1.000000" z="0.000000"/>
            </vertex>
            <vertex>
                <position x="3.470069" y="0.020000" z="-6.470007"/>
                <normal x="0.000000" y="1.000000" z="0.000000"/>
            </vertex>
            <vertex>
                <position x="2.370069" y="0.020000" z="-5.570007"/>
                <normal x="0.000000" y="1.000000" z="0.000000"/>
            </vertex>
            <vertex>
                <position x="2.270069" y="0.020000" z="-6.770007"/>
                <normal x="-0.000000" y="1.000000" z="-0.000000"/>
            </vertex>
            <vertex>
                <position x="2.170069" y="0.020000" z="-5.670007"/>
                <normal x="-0.000000" y="1.000000" z="-0.000000"/>
            </vertex>
            <vertex>
                <position x="2.270069" y="0.020000" z="-6.770007"/>
                <normal x="0.000000" y="1.000000" z="-0.000000"/>
            </vertex>
            <vertex>
                <position x="3.470069" y="0.020000" z="-6.470007"/>
                <normal x="0.000000" y="1.000000" z="-0.000000"/>
            </vertex>
            <vertex>
                <position x="3.270069" y="0.020000" z="-6.770007"/>
                <normal x="0.000000" y="1.000000" z="-0.000000"/>
            </vertex>
            <vertex>
                <position x="2.370069" y="0.020000" z="-4.470007"/>
                <normal x="-0.000000" y="1.000000" z="-0.000000"/>
            </vertex>
            <vertex>
                <position x="6.170069" y="0.020000" z="-5.870008"/>
                <normal x="-0.000000" y="1.000000" z="-0.000000"/>
            </vertex>
            <vertex>
                <position x="5.670069" y="0.020000" z="-5.970007"/>
                <normal x="-0.000000" y="1.000000" z="-0.000000"/>
            </vertex>
            <vertex>
                <position x="6.070068" y="0.020000" z="-6.070007"/>
                <normal x="0.000000" y="1.000000" z="-0.000000"/>
            </vertex>
            <vertex>
                <position x="6.370069" y="0.020000" z="-4.170007"/>
                <normal x="0.000000" y="1.000000" z="-0.000000"/>
            </vertex>
            <vertex>
                <position x="6.870069" y="0.020000" z="-3.970007"/>
                <normal x="0.000000" y="1.000000" z="-0.000000"/>
            </vertex>
            <vertex>
                <position x="6.970069" y="0.020000" z="-4.870008"/>
                <normal x="0.000000" y="1.000000" z="-0.000000"/>
            </vertex>
            <vertex>
                <position x="6.370069" y="0.020000" z="-4.170007"/>
                <normal x="-0.000000" y="1.000000" z="0.000000"/>
            </vertex>
            <vertex>
                <position x="6.070068" y="0.020000" z="-7.870008"/>
                <normal x="0.000000" y="1.000000" z="-0.000000"/>
            </vertex>
            <vertex>
                <position x="7.270069" y="0.020000" z="-7.170007"/>
                <normal x="0.000000" y="1.000000" z="-0.000000"/>
            </vertex>
            <vertex>
                <position x="7.870069" y="0.020000" z="-7.870008"/>
                <normal x="0.000000" y="1.000000" z="-0.000000"/>
            </vertex>
            <vertex>
                <position x="6.070068" y="0.020000" z="-7.070007"/>
                <normal x="-0.000000" y="1.000000" z="-0.000000"/>
            </vertex>
            <vertex>
                <position x="7.370069" y="0.020000" z="-5.970007"/>
                <normal x="0.000000" y="1.000000" z="0.000000"/>
            </vertex>
            <vertex>
                <position x="7.870069" y="0.020000" z="-4.870008"/>
                <normal x="0.000000" y="1.000000" z="0.000000"/>
            </vertex>
            <vertex>
                <position x="7.370069" y="0.020000" z="-5.970007"/>
                <normal x="0.000000" y="1.000000" z="0.000000"/>
            </vertex>
            <vertex>
                <position x="6.170069" y="0.020000" z="-5.870008"/>
                <normal x="0.000000" y="1.000000" z="0.000000"/>
            </vertex>
            <vertex>
                <position x="6.970069" y="0.020000" z="-4.870008"/>
                <normal x="-0.000000" y="1.000000" z="0.000000"/>
            </vertex>
            <vertex>
                <position x="7.870069" y="0.020000" z="-4.870008"/>
                <normal x="0.000000" y="1.000000" z="-0.000000"/>
            </vertex>
            <vertex>
                <position x="-1.129931" y="0.020000" z="-7.370008"/>
                <normal x="-0.000000" y="1.000000" z="-0.000000"/>
            </vertex>
            <vertex>
                <position x="-0.429931" y="0.020000" z="-7.870008"/>
                <normal x="-0.000000" y="1.000000" z="-0.000000"/>
            </vertex>
            <vertex>
                <position x="-2.029932" y="0.020000" z="-7.870008"/>
                <normal x="-0.000000" y="1.000000" z="-0.000000"/>
            </vertex>
            <vertex>
                <position x="-0.429931" y="0.020000" z="-7.470007"/>
                <normal x="0.000000" y="1.000000" z="0.000000"/>
            </vertex>
            <vertex>
                <position x="-0.029931" y="0.020000" z="-4.870008"/>
                <normal x="-0.000000" y="1.000000" z="-0.000000"/>
            </vertex>
            <vertex>
                <position x="-1.429931" y="0.020000" z="-4.670007"/>
                <normal x="-0.000000" y="1.000000" z="-0.000000"/>
            </vertex>
            <vertex>
                <position x="-0.329931" y="0.020000" z="-5.270007"/>
                <normal x="0.000000" y="1.000000" z="-0.000000"/>
            </vertex>
            <vertex>
                <position x="-3.329931" y="0.020000" z="-5.070007"/>
                <normal x="0.000000" y="1.000000" z="-0.000000"/>
            </vertex>
            <vertex>
                <position x="-2.429931" y="0.020000" z="-5.070007"/>
                <normal x="0.000000" y="1.000000" z="-0.000000"/>
            </vertex>
            <vertex>
                <position x="-3.329931" y="0.020000" z="-5.970007"/>
                <normal x="0.000000" y="1.000000" z="-0.000000"/>
            </vertex>
            <vertex>
                <position x="-1.629931" y="0.020000" z="-5.270007"/>
                <normal x="0.000000" y="1.000000" z="-0.000000"/>
            </vertex>
            <vertex>
                <position x="-2.329931" y="0.020000" z="-4.670007"/>
                <normal x="-0.000000" y="1.000000" z="-0.000000"/>
            </vertex>
            <vertex>
                <position x="-3.929931" y="0.020000" z="-6.870008"/>
                <normal x="0.000000" y="1.000000" z="0.000000"/>
            </vertex>
            <vertex>
                <position x="-3.929931" y="0.020000" z="-6.070007"/>
                <normal x="0.000000" y="1.000000" z="0.000000"/>
            </vertex>
            <vertex>
                <position x="-3.229931" y="0.020000" z="-6.770007"/>
                <normal x="0.000000" y="1.000000" z="0.000000"/>
            </vertex>
            <vertex>
                <position x="-2.129931" y="0.020000" z="-6.770007"/>
                <normal x="0.000000" y="1.000000" z="-0.000000"/>
            </vertex>
            <vertex>
                <position x="-1.629931" y="0.020000" z="-6.370008"/>
                <normal x="0.000000" y="1.000000" z="0.000000"/>
            </vertex>
            <vertex>
                <position x="-1.129931" y="0.020000" z="-6.470007"/>
                <normal x="0.000000" y="1.000000" z="0.000000"/>
            </vertex>
            <vertex>
                <position x="-3.329931" y="0.020000" z="-7.870008"/>
                <normal x="0.000000" y="1.000000" z="0.000000"/>
            </vertex>
            <vertex>
                <position x="-3.929931" y="0.020000" z="-6.870008"/>
                <normal x="0.000000" y="1.000000" z="0.000000"/>
            </vertex>
            <vertex>
                <position x="-3.229931" y="0.020000" z="-6.770007"/>
                <normal x="0.000000" y="1.000000" z="0.000000"/>
            </vertex>
            <vertex>
                <position x="-4.629931" y="0.020000" z="-7.870008"/>
                <normal x="-0.000000" y="1.000000" z="0.000000"/>
            </vertex>
            <vertex>
                <position x="-4.429932" y="0.020000" z="-6.970007"/>
                <normal x="-0.000000" y="1.000000" z="0.000000"/>
            </vertex>
            <vertex>
                <position x="-3.329931" y="0.020000" z="-7.870008"/>
                <normal x="0.000000" y="1.000000" z="-0.000000"/>
            </vertex>
            <vertex>
                <position x="0.170069" y="0.020000" z="-7.370008"/>
                <normal x="0.000000" y="1.000000" z="-0.000000"/>
            </vertex>
            <vertex>
                <position x="1.070068" y="0.020000" z="-4.970007"/>
                <normal x="-0.000000" y="1.000000" z="-0.000000"/>
            </vertex>
            <vertex>
                <position x="1.170069" y="0.020000" z="-5.670007"/>
                <normal x="-0.000000" y="1.000000" z="-0.000000"/>
            </vertex>
            <vertex>
                <position x="0.170069" y="0.020000" z="-6.270007"/>
                <normal x="-0.000000" y="1.000000" z="-0.000000"/>
            </vertex>
            <vertex>
                <position x="-0.329931" y="0.020000" z="-6.170007"/>
                <normal x="-0.000000" y="1.000000" z="-0.000000"/>
            </vertex>
            <vertex>
                <position x="2.070068" y="0.020000" z="-6.870008"/>
                <normal x="0.000000" y="1.000000" z="-0.000000"/>
            </vertex>
            <vertex>
                <position x="2.070068" y="0.020000" z="-6.870008"/>
                <normal x="0.000000" y="1.000000" z="-0.000000"/>
            </vertex>
            <vertex>
                <position x="2.170069" y="0.020000" z="-5.670007"/>
                <normal x="0.000000" y="1.000000" z="-0.000000"/>
            </vertex>
            <vertex>
                <position x="1.170069" y="0.020000" z="-5.670007"/>
                <normal x="-0.000000" y="1.000000" z="-0.000000"/>
            </vertex>
            <vertex>
                <position x="2.070068" y="0.020000" z="-7.870008"/>
                <normal x="0.000000" y="1.000000" z="0.000000"/>
            </vertex>
            <vertex>
                <position x="0.170069" y="0.020000" z="-7.370008"/>
                <normal x="0.000000" y="1.000000" z="0.000000"/>
            </vertex>
            <vertex>
                <position x="2.070068" y="0.020000" z="-7.870008"/>
                <normal x="-0.000000" y="1.000000" z="-0.000000"/>
            </vertex>
            <vertex>
                <position x="-5.229931" y="0.020000" z="-6.070007"/>
                <normal x="-0.000000" y="1.000000" z="-0.000000"/>
            </vertex>
            <vertex>
                <position x="-5.229931" y="0.020000" z="-6.870008"/>
                <normal x="-0.000000" y="1.000000" z="-0.000000"/>
            </vertex>
            <vertex>
                <position x="-5.729931" y="0.020000" z="-5.970007"/>
                <normal x="-0.000000" y="1.000000" z="-0.000000"/>
            </vertex>
            <vertex>
                <position x="-7.929932" y="0.020000" z="-7.870008"/>
                <normal x="-0.000000" y="1.000000" z="-0.000000"/>
            </vertex>
            <vertex>
                <position x="5.570068" y="0.020000" z="-6.170007"/>
                <normal x="0.000000" y="1.000000" z="-0.000000"/>
            </vertex>
            <vertex>
                <position x="4.770069" y="0.020000" z="-6.170007"/>
                <normal x="0.000000" y="1.000000" z="-0.000000"/>
            </vertex>
            <vertex>
                <position x="4.670069" y="0.020000" z="-6.570007"/>
                <normal x="0.000000" y="1.000000" z="-0.000000"/>
            </vertex>
            <vertex>
                <position x="3.270069" y="0.020000" z="-6.770007"/>
                <normal x="-0.000000" y="1.000000" z="0.000000"/>
            </vertex>
            <vertex>
                <position x="3.370069" y="0.020000" z="-7.870008"/>
                <normal x="0.000000" y="1.000000" z="-0.000000"/>
            </vertex>
        </vertexbuffer>
    </sharedgeometry>
    <submeshes>
        <submesh material="Material" operationtype="triangle_list" use32bitindexes="False" usesharedvertices="true">
            <faces count="342">
                <face v1="0" v2="1" v3="2"/>
                <face v1="3" v2="4" v3="5"/>
                <face v1="6" v2="7" v3="8"/>
                <face v1="8" v2="7" v3="9"/>
                <face v1="9" v2="7" v3="10"/>
                <face v1="11" v2="12" v3="9"/>
                <face v1="12" v2="13" v3="9"/>
                <face v1="9" v2="13" v3="8"/>
                <face v1="2" v2="14" v3="0"/>
                <face v1="15" v2="16" v3="17"/>
                <face v1="18" v2="11" v3="19"/>
                <face v1="20" v2="21" v3="22"/>
                <face v1="23" v2="24" v3="25"/>
                <face v1="25" v2="26" v3="27"/>
                <face v1="27" v2="26" v3="28"/>
                <face v1="26" v2="25" v3="24"/>
                <face v1="29" v2="21" v3="30"/>
                <face v1="31" v2="32" v3="33"/>
                <face v1="26" v2="30" v3="21"/>
                <face v1="30" v2="24" v3="34"/>
                <face v1="24" v2="30" v3="26"/>
                <face v1="35" v2="36" v3="37"/>
                <face v1="38" v2="39" v3="40"/>
                <face v1="39" v2="38" v3="41"/>
                <face v1="42" v2="22" v3="43"/>
                <face v1="33" v2="44" v3="45"/>
                <face v1="46" v2="47" v3="48"/>
                <face v1="47" v2="46" v3="49"/>
                <face v1="49" v2="37" v3="36"/>
                <face v1="37" v2="49" v3="46"/>
                <face v1="50" v2="37" v3="46"/>
                <face v1="51" v2="52" v3="53"/>
                <face v1="52" v2="51" v3="54"/>
                <face v1="52" v2="48" v3="53"/>
                <face v1="48" v2="55" v3="46"/>
                <face v1="55" v2="48" v3="52"/>
                <face v1="56" v2="42" v3="49"/>
                <face v1="49" v2="42" v3="47"/>
                <face v1="57" v2="44" v3="58"/>
                <face v1="54" v2="51" v3="59"/>
                <face v1="60" v2="59" v3="61"/>
                <face v1="62" v2="63" v3="64"/>
                <face v1="65" v2="64" v3="66"/>
                <face v1="61" v2="59" v3="67"/>
                <face v1="67" v2="59" v3="51"/>
                <face v1="66" v2="64" v3="67"/>
                <face v1="67" v2="64" v3="61"/>
                <face v1="61" v2="64" v3="63"/>
                <face v1="68" v2="69" v3="70"/>
                <face v1="71" v2="72" v3="73"/>
                <face v1="74" v2="70" v3="69"/>
                <face v1="70" v2="75" v3="76"/>
                <face v1="75" v2="70" v3="77"/>
                <face v1="77" v2="70" v3="74"/>
                <face v1="78" v2="79" v3="80"/>
                <face v1="81" v2="82" v3="34"/>
                <face v1="80" v2="1" v3="83"/>
                <face v1="3" v2="81" v3="84"/>
                <face v1="81" v2="3" v3="82"/>
                <face v1="75" v2="84" v3="81"/>
                <face v1="84" v2="73" v3="72"/>
                <face v1="73" v2="84" v3="77"/>
                <face v1="77" v2="84" v3="75"/>
                <face v1="85" v2="7" v3="86"/>
                <face v1="7" v2="85" v3="10"/>
                <face v1="16" v2="87" v3="88"/>
                <face v1="89" v2="90" v3="91"/>
                <face v1="91" v2="90" v3="92"/>
                <face v1="93" v2="94" v3="95"/>
                <face v1="96" v2="92" v3="97"/>
                <face v1="86" v2="89" v3="98"/>
                <face v1="89" v2="86" v3="99"/>
                <face v1="100" v2="91" v3="92"/>
                <face v1="86" v2="98" v3="85"/>
                <face v1="85" v2="98" v3="19"/>
                <face v1="19" v2="98" v3="101"/>
                <face v1="91" v2="98" v3="89"/>
                <face v1="102" v2="103" v3="104"/>
                <face v1="103" v2="105" v3="106"/>
                <face v1="105" v2="103" v3="102"/>
                <face v1="107" v2="108" v3="109"/>
                <face v1="108" v2="107" v3="110"/>
                <face v1="27" v2="109" v3="25"/>
                <face v1="111" v2="112" v3="113"/>
                <face v1="112" v2="111" v3="114"/>
                <face v1="115" v2="116" v3="117"/>
                <face v1="118" v2="119" v3="120"/>
                <face v1="120" v2="119" v3="121"/>
                <face v1="122" v2="123" v3="124"/>
                <face v1="116" v2="125" v3="117"/>
                <face v1="126" v2="118" v3="127"/>
                <face v1="127" v2="118" v3="128"/>
                <face v1="124" v2="111" v3="113"/>
                <face v1="111" v2="129" v3="130"/>
                <face v1="129" v2="111" v3="123"/>
                <face v1="128" v2="131" v3="132"/>
                <face v1="113" v2="133" v3="124"/>
                <face v1="133" v2="69" v3="68"/>
                <face v1="69" v2="133" v3="134"/>
                <face v1="104" v2="135" v3="136"/>
                <face v1="63" v2="137" v3="138"/>
                <face v1="137" v2="63" v3="62"/>
                <face v1="124" v2="133" v3="108"/>
                <face v1="108" v2="133" v3="109"/>
                <face v1="109" v2="133" v3="25"/>
                <face v1="138" v2="137" v3="117"/>
                <face v1="117" v2="139" v3="115"/>
                <face v1="139" v2="117" v3="137"/>
                <face v1="140" v2="69" v3="134"/>
                <face v1="99" v2="86" v3="141"/>
                <face v1="141" v2="86" v3="142"/>
                <face v1="143" v2="144" v3="145"/>
                <face v1="71" v2="142" v3="86"/>
                <face v1="146" v2="147" v3="148"/>
                <face v1="149" v2="150" v3="151"/>
                <face v1="151" v2="150" v3="152"/>
                <face v1="150" v2="149" v3="153"/>
                <face v1="149" v2="151" v3="154"/>
                <face v1="154" v2="155" v3="156"/>
                <face v1="155" v2="151" v3="157"/>
                <face v1="158" v2="159" v3="160"/>
                <face v1="141" v2="154" v3="161"/>
                <face v1="154" v2="141" v3="142"/>
                <face v1="162" v2="149" v3="154"/>
                <face v1="161" v2="154" v3="156"/>
                <face v1="163" v2="164" v3="165"/>
                <face v1="164" v2="163" v3="166"/>
                <face v1="167" v2="168" v3="169"/>
                <face v1="168" v2="167" v3="170"/>
                <face v1="170" v2="167" v3="163"/>
                <face v1="171" v2="172" v3="173"/>
                <face v1="172" v2="171" v3="174"/>
                <face v1="175" v2="176" v3="177"/>
                <face v1="169" v2="178" v3="167"/>
                <face v1="178" v2="169" v3="66"/>
                <face v1="170" v2="173" v3="172"/>
                <face v1="173" v2="165" v3="179"/>
                <face v1="165" v2="170" v3="163"/>
                <face v1="170" v2="165" v3="173"/>
                <face v1="180" v2="181" v3="176"/>
                <face v1="181" v2="180" v3="182"/>
                <face v1="183" v2="184" v3="96"/>
                <face v1="184" v2="183" v3="185"/>
                <face v1="97" v2="186" v3="96"/>
                <face v1="186" v2="157" v3="187"/>
                <face v1="187" v2="157" v3="188"/>
                <face v1="157" v2="186" v3="155"/>
                <face v1="186" v2="183" v3="96"/>
                <face v1="189" v2="190" v3="191"/>
                <face v1="192" v2="193" v3="194"/>
                <face v1="195" v2="196" v3="197"/>
                <face v1="198" v2="193" v3="199"/>
                <face v1="105" v2="200" v3="106"/>
                <face v1="201" v2="202" v3="203"/>
                <face v1="204" v2="203" v3="192"/>
                <face v1="150" v2="153" v3="205"/>
                <face v1="205" v2="153" v3="206"/>
                <face v1="200" v2="147" v3="106"/>
                <face v1="207" v2="193" v3="208"/>
                <face v1="205" v2="209" v3="150"/>
                <face v1="209" v2="205" v3="208"/>
                <face v1="210" v2="205" v3="206"/>
                <face v1="202" v2="209" v3="203"/>
                <face v1="203" v2="209" v3="192"/>
                <face v1="192" v2="208" v3="193"/>
                <face v1="211" v2="212" v3="213"/>
                <face v1="214" v2="215" v3="216"/>
                <face v1="216" v2="215" v3="129"/>
                <face v1="217" v2="218" v3="219"/>
                <face v1="220" v2="221" v3="222"/>
                <face v1="221" v2="220" v3="223"/>
                <face v1="224" v2="225" v3="226"/>
                <face v1="225" v2="224" v3="227"/>
                <face v1="228" v2="229" v3="230"/>
                <face v1="229" v2="228" v3="231"/>
                <face v1="232" v2="233" v3="234"/>
                <face v1="234" v2="233" v3="226"/>
                <face v1="226" v2="233" v3="224"/>
                <face v1="224" v2="233" v3="235"/>
                <face v1="236" v2="234" v3="226"/>
                <face v1="234" v2="231" v3="237"/>
                <face v1="231" v2="236" v3="222"/>
                <face v1="236" v2="231" v3="234"/>
                <face v1="238" v2="174" v3="214"/>
                <face v1="171" v2="230" v3="174"/>
                <face v1="174" v2="230" v3="214"/>
                <face v1="214" v2="230" v3="215"/>
                <face v1="230" v2="171" v3="228"/>
                <face v1="222" v2="229" v3="231"/>
                <face v1="239" v2="240" v3="241"/>
                <face v1="221" v2="229" v3="222"/>
                <face v1="242" v2="215" v3="230"/>
                <face v1="243" v2="244" v3="245"/>
                <face v1="244" v2="243" v3="246"/>
                <face v1="247" v2="248" v3="249"/>
                <face v1="248" v2="223" v3="220"/>
                <face v1="223" v2="248" v3="247"/>
                <face v1="250" v2="251" v3="252"/>
                <face v1="253" v2="254" v3="255"/>
                <face v1="256" v2="257" v3="258"/>
                <face v1="257" v2="256" v3="259"/>
                <face v1="260" v2="261" v3="262"/>
                <face v1="249" v2="262" v3="263"/>
                <face v1="263" v2="262" v3="245"/>
                <face v1="245" v2="262" v3="261"/>
                <face v1="262" v2="249" v3="264"/>
                <face v1="265" v2="262" v3="264"/>
                <face v1="266" v2="267" v3="268"/>
                <face v1="269" v2="250" v3="252"/>
                <face v1="250" v2="269" v3="270"/>
                <face v1="258" v2="271" v3="256"/>
                <face v1="272" v2="273" v3="274"/>
                <face v1="274" v2="273" v3="275"/>
                <face v1="245" v2="270" v3="263"/>
                <face v1="270" v2="198" v3="199"/>
                <face v1="198" v2="270" v3="244"/>
                <face v1="244" v2="270" v3="245"/>
                <face v1="248" v2="264" v3="249"/>
                <face v1="276" v2="271" v3="252"/>
                <face v1="252" v2="258" v3="269"/>
                <face v1="269" v2="258" v3="277"/>
                <face v1="258" v2="252" v3="271"/>
                <face v1="278" v2="279" v3="280"/>
                <face v1="280" v2="279" v3="281"/>
                <face v1="281" v2="279" v3="282"/>
                <face v1="283" v2="284" v3="285"/>
                <face v1="286" v2="287" v3="288"/>
                <face v1="278" v2="284" v3="279"/>
                <face v1="283" v2="285" v3="166"/>
                <face v1="166" v2="232" v3="164"/>
                <face v1="232" v2="285" v3="233"/>
                <face v1="285" v2="232" v3="166"/>
                <face v1="289" v2="180" v3="287"/>
                <face v1="290" v2="283" v3="291"/>
                <face v1="292" v2="188" v3="293"/>
                <face v1="188" v2="292" v3="187"/>
                <face v1="294" v2="295" v3="296"/>
                <face v1="296" v2="297" v3="298"/>
                <face v1="297" v2="296" v3="295"/>
                <face v1="292" v2="293" v3="299"/>
                <face v1="299" v2="293" v3="201"/>
                <face v1="201" v2="300" v3="202"/>
                <face v1="300" v2="201" v3="293"/>
                <face v1="184" v2="297" v3="295"/>
                <face v1="301" v2="302" v3="303"/>
                <face v1="299" v2="298" v3="292"/>
                <face v1="304" v2="305" v3="306"/>
                <face v1="307" v2="298" v3="299"/>
                <face v1="246" v2="308" v3="309"/>
                <face v1="308" v2="246" v3="243"/>
                <face v1="310" v2="311" v3="312"/>
                <face v1="313" v2="314" v3="315"/>
                <face v1="316" v2="317" v3="318"/>
                <face v1="317" v2="316" v3="319"/>
                <face v1="316" v2="318" v3="320"/>
                <face v1="309" v2="319" v3="312"/>
                <face v1="319" v2="309" v3="321"/>
                <face v1="322" v2="315" v3="323"/>
                <face v1="324" v2="320" v3="318"/>
                <face v1="320" v2="325" v3="295"/>
                <face v1="325" v2="320" v3="324"/>
                <face v1="294" v2="320" v3="295"/>
                <face v1="326" v2="327" v3="328"/>
                <face v1="319" v2="329" v3="312"/>
                <face v1="265" v2="264" v3="330"/>
                <face v1="225" v2="331" v3="332"/>
                <face v1="331" v2="225" v3="227"/>
                <face v1="333" v2="334" v3="335"/>
                <face v1="336" v2="330" v3="337"/>
                <face v1="337" v2="330" v3="264"/>
                <face v1="330" v2="336" v3="338"/>
                <face v1="339" v2="340" v3="341"/>
                <face v1="341" v2="331" v3="342"/>
                <face v1="342" v2="331" v3="343"/>
                <face v1="331" v2="341" v3="332"/>
                <face v1="344" v2="345" v3="340"/>
                <face v1="345" v2="346" v3="347"/>
                <face v1="348" v2="349" v3="350"/>
                <face v1="344" v2="346" v3="345"/>
                <face v1="332" v2="340" v3="336"/>
                <face v1="336" v2="340" v3="351"/>
                <face v1="351" v2="340" v3="345"/>
                <face v1="340" v2="332" v3="341"/>
                <face v1="352" v2="353" v3="342"/>
                <face v1="353" v2="352" v3="354"/>
                <face v1="355" v2="356" v3="357"/>
                <face v1="282" v2="358" v3="281"/>
                <face v1="359" v2="360" v3="361"/>
                <face v1="360" v2="359" v3="362"/>
                <face v1="361" v2="363" v3="364"/>
                <face v1="363" v2="361" v3="360"/>
                <face v1="365" v2="366" v3="357"/>
                <face v1="367" v2="342" v3="358"/>
                <face v1="358" v2="342" v3="343"/>
                <face v1="342" v2="367" v3="352"/>
                <face v1="357" v2="368" v3="365"/>
                <face v1="369" v2="370" v3="371"/>
                <face v1="370" v2="369" v3="372"/>
                <face v1="261" v2="373" v3="374"/>
                <face v1="374" v2="373" v3="375"/>
                <face v1="373" v2="261" v3="260"/>
                <face v1="376" v2="377" v3="378"/>
                <face v1="379" v2="374" v3="375"/>
                <face v1="374" v2="379" v3="380"/>
                <face v1="380" v2="379" v3="377"/>
                <face v1="381" v2="382" v3="383"/>
                <face v1="383" v2="382" v3="378"/>
                <face v1="384" v2="369" v3="371"/>
                <face v1="369" v2="385" v3="386"/>
                <face v1="385" v2="369" v3="384"/>
                <face v1="379" v2="385" v3="377"/>
                <face v1="377" v2="384" v3="378"/>
                <face v1="378" v2="384" v3="383"/>
                <face v1="384" v2="377" v3="385"/>
                <face v1="387" v2="388" v3="389"/>
                <face v1="381" v2="390" v3="391"/>
                <face v1="390" v2="381" v3="392"/>
                <face v1="372" v2="393" v3="370"/>
                <face v1="394" v2="395" v3="373"/>
                <face v1="373" v2="395" v3="375"/>
                <face v1="375" v2="396" v3="397"/>
                <face v1="396" v2="375" v3="395"/>
                <face v1="396" v2="398" v3="393"/>
                <face v1="399" v2="400" v3="348"/>
                <face v1="400" v2="399" v3="401"/>
                <face v1="395" v2="398" v3="396"/>
                <face v1="402" v2="403" v3="399"/>
                <face v1="393" v2="404" v3="370"/>
                <face v1="405" v2="406" v3="407"/>
                <face v1="406" v2="390" v3="408"/>
                <face v1="390" v2="406" v3="391"/>
                <face v1="324" v2="407" v3="325"/>
                <face v1="407" v2="408" v3="325"/>
                <face v1="408" v2="407" v3="406"/>
                <face v1="353" v2="354" v3="409"/>
                <face v1="410" v2="409" v3="411"/>
                <face v1="409" v2="362" v3="411"/>
                <face v1="362" v2="409" v3="354"/>
                <face v1="362" v2="359" v3="411"/>
                <face v1="411" v2="412" v3="344"/>
                <face v1="412" v2="411" v3="413"/>
                <face v1="413" v2="411" v3="359"/>
            </faces>
        </submesh>
    </submeshes>
    <submeshnames>
        <submesh index="0" name="Material"/>
    </submeshnames>
</mesh>
