<?xml version="1.0" encoding="UTF-8"?>
<mesh>
    <sharedgeometry vertexcount="4">
        <vertexbuffer colours_diffuse="False" normals="true" positions="true" texture_coords="1">
            <vertex>
                <position x="-8.129931" y="0.013564" z="8.009707"/>
                <normal x="0.000000" y="1.000000" z="-0.000000"/>
                <texcoord u="0.000100" v="0.999900"/>
            </vertex>
            <vertex>
                <position x="8.025195" y="0.013564" z="8.009707"/>
                <normal x="0.000000" y="1.000000" z="-0.000000"/>
                <texcoord u="0.999900" v="0.999900"/>
            </vertex>
            <vertex>
                <position x="8.025195" y="0.013564" z="-8.027791"/>
                <normal x="0.000000" y="1.000000" z="-0.000000"/>
                <texcoord u="0.999900" v="0.007379"/>
            </vertex>
            <vertex>
                <position x="-8.129931" y="0.013564" z="-8.027791"/>
                <normal x="0.000000" y="1.000000" z="-0.000000"/>
                <texcoord u="0.000100" v="0.007379"/>
            </vertex>
        </vertexbuffer>
    </sharedgeometry>
    <submeshes>
        <submesh material="Material.001" operationtype="triangle_list" use32bitindexes="False" usesharedvertices="true">
            <faces count="2">
                <face v1="0" v2="1" v3="2"/>
                <face v1="0" v2="2" v3="3"/>
            </faces>
        </submesh>
    </submeshes>
    <submeshnames>
        <submesh index="0" name="Material.001"/>
    </submeshnames>
</mesh>
