<skeleton >
  <bones >
    <bone id="0" name="Bone" >
      <position x="-0.094209" y="1.316294" z="0.013155" />
      <rotation angle="3.146961" >
        <axis x="0.000000" y="1.000000" z="0.000000" />
      </rotation>
    </bone>
    <bone id="1" name="Bone.001" >
      <position x="0.000000" y="0.884130" z="-0.000000" />
      <rotation angle="3.141593" >
        <axis x="-0.000000" y="1.000000" z="-0.000000" />
      </rotation>
    </bone>
    <bone id="2" name="Bone.002" >
      <position x="0.000000" y="0.487622" z="-0.000000" />
      <rotation angle="0.000000" >
        <axis x="0.000000" y="0.000000" z="-0.000000" />
      </rotation>
    </bone>
    <bone id="3" name="Bone.003" >
      <position x="0.000000" y="0.420033" z="-0.000000" />
      <rotation angle="0.000000" >
        <axis x="0.000000" y="-0.000000" z="-0.000000" />
      </rotation>
    </bone>
    <bone id="4" name="Bone.002_L" >
      <position x="0.000000" y="0.420033" z="-0.000000" />
      <rotation angle="1.868075" >
        <axis x="-0.492855" y="0.584049" z="0.644966" />
      </rotation>
    </bone>
    <bone id="5" name="Bone.002_L.002" >
      <position x="0.000000" y="0.663022" z="0.000000" />
      <rotation angle="0.484064" >
        <axis x="-0.219649" y="0.974017" z="-0.055187" />
      </rotation>
    </bone>
    <bone id="6" name="Bone.002_L.003" >
      <position x="0.000000" y="0.791043" z="-0.000000" />
      <rotation angle="0.430548" >
        <axis x="-0.303913" y="-0.952469" z="0.021007" />
      </rotation>
    </bone>
    <bone id="7" name="Bone.002_L.004" >
      <position x="-0.000000" y="0.862431" z="-0.000000" />
      <rotation angle="0.208933" >
        <axis x="0.284154" y="0.958371" z="-0.027933" />
      </rotation>
    </bone>
    <bone id="8" name="Bone.002_L.005" >
      <position x="0.000000" y="0.606341" z="0.000000" />
      <rotation angle="0.274776" >
        <axis x="-0.683049" y="0.726558" z="-0.074577" />
      </rotation>
    </bone>
    <bone id="9" name="Bone.002_R" >
      <position x="0.000000" y="0.420033" z="-0.000000" />
      <rotation angle="1.868075" >
        <axis x="-0.492855" y="-0.584049" z="-0.644966" />
      </rotation>
    </bone>
    <bone id="10" name="Bone.002_R.002" >
      <position x="-0.000000" y="0.663022" z="0.000000" />
      <rotation angle="0.484064" >
        <axis x="-0.219649" y="-0.974017" z="0.055187" />
      </rotation>
    </bone>
    <bone id="11" name="Bone.002_R.003" >
      <position x="0.000000" y="0.791043" z="0.000000" />
      <rotation angle="0.430549" >
        <axis x="-0.303912" y="0.952468" z="-0.021006" />
      </rotation>
    </bone>
    <bone id="12" name="Bone.002_R.004" >
      <position x="0.000000" y="0.862431" z="-0.000000" />
      <rotation angle="0.208932" >
        <axis x="0.284156" y="-0.958375" z="0.027933" />
      </rotation>
    </bone>
    <bone id="13" name="Bone.002_R.005" >
      <position x="-0.000000" y="0.606340" z="-0.000000" />
      <rotation angle="0.274776" >
        <axis x="-0.683049" y="-0.726557" z="0.074577" />
      </rotation>
    </bone>
    <bone id="14" name="Bone.002_R.006" >
      <position x="0.000000" y="0.515913" z="0.000000" />
      <rotation angle="0.303783" >
        <axis x="0.705057" y="0.705057" z="-0.076092" />
      </rotation>
    </bone>
    <bone id="15" name="Bone_L" >
      <position x="-0.094209" y="1.316294" z="0.013155" />
      <rotation angle="2.404471" >
        <axis x="-0.683010" y="0.516079" z="0.516875" />
      </rotation>
    </bone>
    <bone id="16" name="Bone_L.001" >
      <position x="-0.000000" y="0.355722" z="-0.000000" />
      <rotation angle="1.873869" >
        <axis x="-0.445937" y="0.609887" z="-0.655117" />
      </rotation>
    </bone>
    <bone id="17" name="Bone_L.002" >
      <position x="0.000000" y="0.488854" z="0.000000" />
      <rotation angle="0.216753" >
        <axis x="-0.787811" y="0.463174" z="-0.405982" />
      </rotation>
    </bone>
    <bone id="18" name="Bone_L.003" >
      <position x="0.000000" y="0.673989" z="-0.000000" />
      <rotation angle="1.683551" >
        <axis x="0.983885" y="-0.019948" z="0.177686" />
      </rotation>
    </bone>
    <bone id="19" name="Bone_R" >
      <position x="-0.094209" y="1.316294" z="0.013155" />
      <rotation angle="2.398938" >
        <axis x="-0.686511" y="-0.514550" z="-0.513752" />
      </rotation>
    </bone>
    <bone id="20" name="Bone_R.001" >
      <position x="-0.000000" y="0.355722" z="-0.000000" />
      <rotation angle="1.873869" >
        <axis x="-0.445937" y="-0.609887" z="0.655117" />
      </rotation>
    </bone>
    <bone id="21" name="Bone_R.002" >
      <position x="-0.000000" y="0.488854" z="-0.000000" />
      <rotation angle="0.216753" >
        <axis x="-0.787811" y="-0.463174" z="0.405982" />
      </rotation>
    </bone>
    <bone id="22" name="Bone_R.003" >
      <position x="-0.000000" y="0.673989" z="0.000000" />
      <rotation angle="1.683551" >
        <axis x="0.983885" y="0.019948" z="-0.177687" />
      </rotation>
    </bone>
  </bones>
  <bonehierarchy >
    <boneparent bone="Bone.001" parent="Bone" />
    <boneparent bone="Bone.002" parent="Bone.001" />
    <boneparent bone="Bone.003" parent="Bone.002" />
    <boneparent bone="Bone.002_L" parent="Bone.002" />
    <boneparent bone="Bone.002_L.002" parent="Bone.002_L" />
    <boneparent bone="Bone.002_L.003" parent="Bone.002_L.002" />
    <boneparent bone="Bone.002_L.004" parent="Bone.002_L.003" />
    <boneparent bone="Bone.002_L.005" parent="Bone.002_L.004" />
    <boneparent bone="Bone.002_R" parent="Bone.002" />
    <boneparent bone="Bone.002_R.002" parent="Bone.002_R" />
    <boneparent bone="Bone.002_R.003" parent="Bone.002_R.002" />
    <boneparent bone="Bone.002_R.004" parent="Bone.002_R.003" />
    <boneparent bone="Bone.002_R.005" parent="Bone.002_R.004" />
    <boneparent bone="Bone.002_R.006" parent="Bone.002_R.005" />
    <boneparent bone="Bone_L.001" parent="Bone_L" />
    <boneparent bone="Bone_L.002" parent="Bone_L.001" />
    <boneparent bone="Bone_L.003" parent="Bone_L.002" />
    <boneparent bone="Bone_R.001" parent="Bone_R" />
    <boneparent bone="Bone_R.002" parent="Bone_R.001" />
    <boneparent bone="Bone_R.003" parent="Bone_R.002" />
  </bonehierarchy>
  <animations >
    <animation length="0.750000" name="my_animation" >
      <tracks >
        <track bone="Bone" >
          <keyframes >
            <keyframe time="0.000000" >
              <translate x="0.001151" y="-0.257204" z="0.214334" />
              <rotate angle="0.079788" >
                <axis x="0.707922" y="-0.452754" z="0.542164" />
              </rotate>
            </keyframe>
            <keyframe time="0.041667" >
              <translate x="0.001151" y="-0.257204" z="0.214334" />
              <rotate angle="0.074962" >
                <axis x="0.818759" y="-0.319028" z="0.477337" />
              </rotate>
            </keyframe>
            <keyframe time="0.083333" >
              <translate x="0.001151" y="-0.257204" z="0.214334" />
              <rotate angle="0.077277" >
                <axis x="0.972233" y="0.104029" z="0.209788" />
              </rotate>
            </keyframe>
            <keyframe time="0.125000" >
              <translate x="0.001151" y="-0.257204" z="0.214334" />
              <rotate angle="0.099895" >
                <axis x="0.915730" y="0.400398" z="-0.033703" />
              </rotate>
            </keyframe>
            <keyframe time="0.166667" >
              <translate x="0.001151" y="-0.257204" z="0.214334" />
              <rotate angle="0.115925" >
                <axis x="0.887918" y="0.450389" z="-0.093601" />
              </rotate>
            </keyframe>
            <keyframe time="0.208333" >
              <translate x="0.001151" y="-0.257204" z="0.214334" />
              <rotate angle="0.119938" >
                <axis x="0.920238" y="0.382904" z="-0.080978" />
              </rotate>
            </keyframe>
            <keyframe time="0.250000" >
              <translate x="0.001151" y="-0.257204" z="0.214334" />
              <rotate angle="0.120052" >
                <axis x="0.970605" y="0.235010" z="-0.051950" />
              </rotate>
            </keyframe>
            <keyframe time="0.291667" >
              <translate x="0.001151" y="-0.257204" z="0.214334" />
              <rotate angle="0.120826" >
                <axis x="0.998948" y="0.045248" z="-0.008708" />
              </rotate>
            </keyframe>
            <keyframe time="0.333333" >
              <translate x="0.001151" y="-0.257204" z="0.214334" />
              <rotate angle="0.123473" >
                <axis x="0.994445" y="-0.099198" z="0.035546" />
              </rotate>
            </keyframe>
            <keyframe time="0.375000" >
              <translate x="0.001151" y="-0.257204" z="0.214334" />
              <rotate angle="0.125030" >
                <axis x="0.986400" y="-0.148261" z="0.070944" />
              </rotate>
            </keyframe>
            <keyframe time="0.416667" >
              <translate x="0.001151" y="-0.257204" z="0.214334" />
              <rotate angle="0.117578" >
                <axis x="0.983177" y="-0.147871" z="0.107228" />
              </rotate>
            </keyframe>
            <keyframe time="0.458333" >
              <translate x="0.001151" y="-0.257204" z="0.214334" />
              <rotate angle="0.096261" >
                <axis x="0.974688" y="-0.146938" z="0.168542" />
              </rotate>
            </keyframe>
            <keyframe time="0.500000" >
              <translate x="0.001151" y="-0.257204" z="0.214334" />
              <rotate angle="0.069491" >
                <axis x="0.947760" y="-0.143634" z="0.284802" />
              </rotate>
            </keyframe>
            <keyframe time="0.541667" >
              <translate x="0.001151" y="-0.257204" z="0.214334" />
              <rotate angle="0.050372" >
                <axis x="0.875153" y="-0.133785" z="0.464956" />
              </rotate>
            </keyframe>
            <keyframe time="0.583333" >
              <translate x="0.001151" y="-0.257204" z="0.214334" />
              <rotate angle="0.045738" >
                <axis x="0.794821" y="-0.122178" z="0.594390" />
              </rotate>
            </keyframe>
            <keyframe time="0.625000" >
              <translate x="0.001151" y="-0.257204" z="0.214334" />
              <rotate angle="0.051417" >
                <axis x="0.761165" y="-0.190797" z="0.619975" />
              </rotate>
            </keyframe>
            <keyframe time="0.666667" >
              <translate x="0.001151" y="-0.257204" z="0.214334" />
              <rotate angle="0.063197" >
                <axis x="0.734510" y="-0.330006" z="0.592930" />
              </rotate>
            </keyframe>
            <keyframe time="0.708333" >
              <translate x="0.001151" y="-0.257204" z="0.214334" />
              <rotate angle="0.075149" >
                <axis x="0.714583" y="-0.424509" z="0.556079" />
              </rotate>
            </keyframe>
            <keyframe time="0.750000" >
              <translate x="0.001151" y="-0.257204" z="0.214334" />
              <rotate angle="0.079788" >
                <axis x="0.707922" y="-0.452754" z="0.542164" />
              </rotate>
            </keyframe>
          </keyframes>
        </track>
        <track bone="Bone.001" >
          <keyframes >
            <keyframe time="0.000000" >
              <rotate angle="0.057125" >
                <axis x="-0.389428" y="-0.917708" z="-0.078844" />
              </rotate>
            </keyframe>
            <keyframe time="0.041667" >
              <rotate angle="0.045868" >
                <axis x="-0.417006" y="-0.903823" z="-0.097825" />
              </rotate>
            </keyframe>
            <keyframe time="0.083333" >
              <rotate angle="0.000000" >
                <axis x="0.000000" y="0.000000" z="0.000000" />
              </rotate>
            </keyframe>
            <keyframe time="0.125000" >
              <rotate angle="0.016630" >
                <axis x="-0.168745" y="0.957864" z="-0.234544" />
              </rotate>
            </keyframe>
            <keyframe time="0.166667" >
              <rotate angle="0.027081" >
                <axis x="0.011566" y="0.993172" z="-0.116799" />
              </rotate>
            </keyframe>
            <keyframe time="0.208333" >
              <rotate angle="0.021092" >
                <axis x="-0.015443" y="0.995730" z="-0.090384" />
              </rotate>
            </keyframe>
            <keyframe time="0.250000" >
              <rotate angle="0.004883" >
                <axis x="-0.435317" y="0.900937" z="0.009573" />
              </rotate>
            </keyframe>
            <keyframe time="0.291667" >
              <rotate angle="0.017646" >
                <axis x="-0.251423" y="-0.958939" z="0.126818" />
              </rotate>
            </keyframe>
            <keyframe time="0.333333" >
              <rotate angle="0.034326" >
                <axis x="-0.181673" y="-0.976647" z="0.116283" />
              </rotate>
            </keyframe>
            <keyframe time="0.375000" >
              <rotate angle="0.040313" >
                <axis x="-0.170540" y="-0.977817" z="0.121771" />
              </rotate>
            </keyframe>
            <keyframe time="0.416667" >
              <rotate angle="0.039221" >
                <axis x="-0.157087" y="-0.978285" z="0.135879" />
              </rotate>
            </keyframe>
            <keyframe time="0.458333" >
              <rotate angle="0.036094" >
                <axis x="-0.115004" y="-0.981225" z="0.155776" />
              </rotate>
            </keyframe>
            <keyframe time="0.500000" >
              <rotate angle="0.032182" >
                <axis x="-0.048776" y="-0.982626" z="0.179457" />
              </rotate>
            </keyframe>
            <keyframe time="0.541667" >
              <rotate angle="0.029256" >
                <axis x="0.015057" y="-0.979940" z="0.199092" />
              </rotate>
            </keyframe>
            <keyframe time="0.583333" >
              <rotate angle="0.028253" >
                <axis x="0.040851" y="-0.977622" z="0.206364" />
              </rotate>
            </keyframe>
            <keyframe time="0.625000" >
              <rotate angle="0.031433" >
                <axis x="-0.066218" y="-0.987844" z="0.140029" />
              </rotate>
            </keyframe>
            <keyframe time="0.666667" >
              <rotate angle="0.041392" >
                <axis x="-0.254770" y="-0.966907" z="0.016030" />
              </rotate>
            </keyframe>
            <keyframe time="0.708333" >
              <rotate angle="0.052641" >
                <axis x="-0.361127" y="-0.930725" z="-0.058410" />
              </rotate>
            </keyframe>
            <keyframe time="0.750000" >
              <rotate angle="0.057125" >
                <axis x="-0.389428" y="-0.917708" z="-0.078844" />
              </rotate>
            </keyframe>
          </keyframes>
        </track>
        <track bone="Bone.002" >
          <keyframes >
            <keyframe time="0.000000" >
              <rotate angle="0.091012" >
                <axis x="-0.422265" y="-0.769691" z="-0.478857" />
              </rotate>
            </keyframe>
            <keyframe time="0.041667" >
              <rotate angle="0.078541" >
                <axis x="-0.430677" y="-0.754330" z="-0.495561" />
              </rotate>
            </keyframe>
            <keyframe time="0.083333" >
              <rotate angle="0.046127" >
                <axis x="-0.467347" y="-0.671626" z="-0.574928" />
              </rotate>
            </keyframe>
            <keyframe time="0.125000" >
              <rotate angle="0.016326" >
                <axis x="-0.532734" y="-0.166864" z="-0.830028" />
              </rotate>
            </keyframe>
            <keyframe time="0.166667" >
              <rotate angle="0.000000" >
                <axis x="0.000000" y="0.000000" z="0.000000" />
              </rotate>
            </keyframe>
            <keyframe time="0.208333" >
              <rotate angle="0.000000" >
                <axis x="0.000000" y="0.000000" z="0.000000" />
              </rotate>
            </keyframe>
            <keyframe time="0.250000" >
              <rotate angle="0.014550" >
                <axis x="0.007329" y="-0.942247" z="-0.335027" />
              </rotate>
            </keyframe>
            <keyframe time="0.291667" >
              <rotate angle="0.034631" >
                <axis x="0.019799" y="-0.991988" z="-0.124778" />
              </rotate>
            </keyframe>
            <keyframe time="0.333333" >
              <rotate angle="0.050604" >
                <axis x="0.017248" y="-0.996542" z="-0.081852" />
              </rotate>
            </keyframe>
            <keyframe time="0.375000" >
              <rotate angle="0.056292" >
                <axis x="0.015889" y="-0.997219" z="-0.073212" />
              </rotate>
            </keyframe>
            <keyframe time="0.416667" >
              <rotate angle="0.054855" >
                <axis x="0.016007" y="-0.997037" z="-0.075527" />
              </rotate>
            </keyframe>
            <keyframe time="0.458333" >
              <rotate angle="0.050815" >
                <axis x="0.014495" y="-0.996284" z="-0.085232" />
              </rotate>
            </keyframe>
            <keyframe time="0.500000" >
              <rotate angle="0.045670" >
                <axis x="0.006547" y="-0.994224" z="-0.107578" />
              </rotate>
            </keyframe>
            <keyframe time="0.541667" >
              <rotate angle="0.041777" >
                <axis x="-0.012926" y="-0.989571" z="-0.144318" />
              </rotate>
            </keyframe>
            <keyframe time="0.583333" >
              <rotate angle="0.040654" >
                <axis x="-0.042877" y="-0.981384" z="-0.187671" />
              </rotate>
            </keyframe>
            <keyframe time="0.625000" >
              <rotate angle="0.046795" >
                <axis x="-0.164176" y="-0.941695" z="-0.293932" />
              </rotate>
            </keyframe>
            <keyframe time="0.666667" >
              <rotate angle="0.064563" >
                <axis x="-0.323310" y="-0.851459" z="-0.412842" />
              </rotate>
            </keyframe>
            <keyframe time="0.708333" >
              <rotate angle="0.083595" >
                <axis x="-0.402188" y="-0.788096" z="-0.466068" />
              </rotate>
            </keyframe>
            <keyframe time="0.750000" >
              <rotate angle="0.091012" >
                <axis x="-0.422265" y="-0.769691" z="-0.478857" />
              </rotate>
            </keyframe>
          </keyframes>
        </track>
        <track bone="Bone.003" >
          <keyframes >
            <keyframe time="0.000000" >
              <rotate angle="0.204765" >
                <axis x="0.333731" y="0.942454" z="0.020362" />
              </rotate>
            </keyframe>
            <keyframe time="0.041667" >
              <rotate angle="0.201990" >
                <axis x="0.294552" y="0.955491" z="0.016688" />
              </rotate>
            </keyframe>
            <keyframe time="0.083333" >
              <rotate angle="0.196435" >
                <axis x="0.185160" y="0.982692" z="0.006524" />
              </rotate>
            </keyframe>
            <keyframe time="0.125000" >
              <rotate angle="0.193508" >
                <axis x="0.068472" y="0.997651" z="-0.004172" />
              </rotate>
            </keyframe>
            <keyframe time="0.166667" >
              <rotate angle="0.193112" >
                <axis x="0.022848" y="0.999705" z="-0.008314" />
              </rotate>
            </keyframe>
            <keyframe time="0.208333" >
              <rotate angle="0.193321" >
                <axis x="0.052207" y="0.998619" z="-0.005651" />
              </rotate>
            </keyframe>
            <keyframe time="0.250000" >
              <rotate angle="0.194800" >
                <axis x="0.133964" y="0.990990" z="0.001813" />
              </rotate>
            </keyframe>
            <keyframe time="0.291667" >
              <rotate angle="0.198591" >
                <axis x="0.234895" y="0.971956" z="0.011128" />
              </rotate>
            </keyframe>
            <keyframe time="0.333333" >
              <rotate angle="0.202942" >
                <axis x="0.308730" y="0.950979" z="0.018016" />
              </rotate>
            </keyframe>
            <keyframe time="0.375000" >
              <rotate angle="0.204766" >
                <axis x="0.333729" y="0.942449" z="0.020362" />
              </rotate>
            </keyframe>
            <keyframe time="0.416667" >
              <rotate angle="0.204332" >
                <axis x="0.326416" y="0.945222" z="-0.002926" />
              </rotate>
            </keyframe>
            <keyframe time="0.458333" >
              <rotate angle="0.203771" >
                <axis x="0.304645" y="0.949976" z="-0.068836" />
              </rotate>
            </keyframe>
            <keyframe time="0.500000" >
              <rotate angle="0.204492" >
                <axis x="0.274553" y="0.949336" z="-0.152906" />
              </rotate>
            </keyframe>
            <keyframe time="0.541667" >
              <rotate angle="0.206163" >
                <axis x="0.249903" y="0.943695" z="-0.216785" />
              </rotate>
            </keyframe>
            <keyframe time="0.583333" >
              <rotate angle="0.206988" >
                <axis x="0.240976" y="0.940656" z="-0.238944" />
              </rotate>
            </keyframe>
            <keyframe time="0.625000" >
              <rotate angle="0.205759" >
                <axis x="0.254827" y="0.945148" z="-0.204340" />
              </rotate>
            </keyframe>
            <keyframe time="0.666667" >
              <rotate angle="0.203929" >
                <axis x="0.289861" y="0.950604" z="-0.111057" />
              </rotate>
            </keyframe>
            <keyframe time="0.708333" >
              <rotate angle="0.204143" >
                <axis x="0.322254" y="0.946520" z="-0.015907" />
              </rotate>
            </keyframe>
            <keyframe time="0.750000" >
              <rotate angle="0.204765" >
                <axis x="0.333731" y="0.942454" z="0.020362" />
              </rotate>
            </keyframe>
          </keyframes>
        </track>
        <track bone="Bone.002_L" >
          <keyframes >
            <keyframe time="0.000000" >
              <rotate angle="0.109175" >
                <axis x="0.918699" y="0.344068" z="-0.194113" />
              </rotate>
            </keyframe>
            <keyframe time="0.041667" >
              <rotate angle="0.136817" >
                <axis x="0.932824" y="0.341447" z="-0.115122" />
              </rotate>
            </keyframe>
            <keyframe time="0.083333" >
              <rotate angle="0.211371" >
                <axis x="0.942408" y="0.334403" z="-0.006958" />
              </rotate>
            </keyframe>
            <keyframe time="0.125000" >
              <rotate angle="0.287084" >
                <axis x="0.943047" y="0.329640" z="0.044734" />
              </rotate>
            </keyframe>
            <keyframe time="0.166667" >
              <rotate angle="0.316108" >
                <axis x="0.942803" y="0.328280" z="0.057937" />
              </rotate>
            </keyframe>
            <keyframe time="0.208333" >
              <rotate angle="0.311489" >
                <axis x="0.943633" y="0.327491" z="0.048077" />
              </rotate>
            </keyframe>
            <keyframe time="0.250000" >
              <rotate angle="0.296783" >
                <axis x="0.946265" y="0.322846" z="0.018791" />
              </rotate>
            </keyframe>
            <keyframe time="0.291667" >
              <rotate angle="0.273326" >
                <axis x="0.950648" y="0.309368" z="-0.023701" />
              </rotate>
            </keyframe>
            <keyframe time="0.333333" >
              <rotate angle="0.245856" >
                <axis x="0.957210" y="0.282124" z="-0.064487" />
              </rotate>
            </keyframe>
            <keyframe time="0.375000" >
              <rotate angle="0.219015" >
                <axis x="0.967143" y="0.238689" z="-0.087568" />
              </rotate>
            </keyframe>
            <keyframe time="0.416667" >
              <rotate angle="0.186677" >
                <axis x="0.985342" y="0.154390" z="-0.072621" />
              </rotate>
            </keyframe>
            <keyframe time="0.458333" >
              <rotate angle="0.147201" >
                <axis x="0.999462" y="-0.029327" z="0.015449" />
              </rotate>
            </keyframe>
            <keyframe time="0.500000" >
              <rotate angle="0.119004" >
                <axis x="0.926744" y="-0.324247" z="0.189809" />
              </rotate>
            </keyframe>
            <keyframe time="0.541667" >
              <rotate angle="0.112262" >
                <axis x="0.755908" y="-0.558263" z="0.341953" />
              </rotate>
            </keyframe>
            <keyframe time="0.583333" >
              <rotate angle="0.113048" >
                <axis x="0.675730" y="-0.626085" z="0.389148" />
              </rotate>
            </keyframe>
            <keyframe time="0.625000" >
              <rotate angle="0.103403" >
                <axis x="0.770845" y="-0.539753" z="0.338369" />
              </rotate>
            </keyframe>
            <keyframe time="0.666667" >
              <rotate angle="0.090644" >
                <axis x="0.974927" y="-0.183439" z="0.125909" />
              </rotate>
            </keyframe>
            <keyframe time="0.708333" >
              <rotate angle="0.100340" >
                <axis x="0.966780" y="0.225017" z="-0.121346" />
              </rotate>
            </keyframe>
            <keyframe time="0.750000" >
              <rotate angle="0.109175" >
                <axis x="0.918699" y="0.344068" z="-0.194113" />
              </rotate>
            </keyframe>
          </keyframes>
        </track>
        <track bone="Bone.002_L.002" >
          <keyframes >
            <keyframe time="0.000000" >
              <rotate angle="1.273198" >
                <axis x="-0.962046" y="-0.169745" z="-0.213666" />
              </rotate>
              <scale x="0.730788" y="0.730788" z="0.730789" />
            </keyframe>
            <keyframe time="0.041667" >
              <rotate angle="1.273989" >
                <axis x="-0.964068" y="-0.163258" z="-0.209570" />
              </rotate>
              <scale x="0.730788" y="0.730788" z="0.730788" />
            </keyframe>
            <keyframe time="0.083333" >
              <rotate angle="1.276343" >
                <axis x="-0.969059" y="-0.146278" z="-0.198815" />
              </rotate>
              <scale x="0.730788" y="0.730788" z="0.730788" />
            </keyframe>
            <keyframe time="0.125000" >
              <rotate angle="1.279106" >
                <axis x="-0.973618" y="-0.129298" z="-0.188016" />
              </rotate>
              <scale x="0.730788" y="0.730789" z="0.730788" />
            </keyframe>
            <keyframe time="0.166667" >
              <rotate angle="1.280269" >
                <axis x="-0.975247" y="-0.122812" z="-0.183879" />
              </rotate>
              <scale x="0.730788" y="0.730788" z="0.730788" />
            </keyframe>
            <keyframe time="0.208333" >
              <rotate angle="1.276616" >
                <axis x="-0.974923" y="-0.124586" z="-0.184400" />
              </rotate>
              <scale x="0.730788" y="0.730788" z="0.730788" />
            </keyframe>
            <keyframe time="0.250000" >
              <rotate angle="1.265768" >
                <axis x="-0.973762" y="-0.130597" z="-0.186367" />
              </rotate>
              <scale x="0.730788" y="0.730788" z="0.730788" />
            </keyframe>
            <keyframe time="0.291667" >
              <rotate angle="1.250378" >
                <axis x="-0.971546" y="-0.141075" z="-0.190253" />
              </rotate>
              <scale x="0.730788" y="0.730788" z="0.730788" />
            </keyframe>
            <keyframe time="0.333333" >
              <rotate angle="1.235596" >
                <axis x="-0.968359" y="-0.154577" z="-0.195925" />
              </rotate>
              <scale x="0.730788" y="0.730788" z="0.730788" />
            </keyframe>
            <keyframe time="0.375000" >
              <rotate angle="1.225296" >
                <axis x="-0.964550" y="-0.168963" z="-0.202716" />
              </rotate>
              <scale x="0.730788" y="0.730788" z="0.730788" />
            </keyframe>
            <keyframe time="0.416667" >
              <rotate angle="1.218194" >
                <axis x="-0.958983" y="-0.187691" z="-0.212424" />
              </rotate>
              <scale x="0.730788" y="0.730789" z="0.730788" />
            </keyframe>
            <keyframe time="0.458333" >
              <rotate angle="1.212832" >
                <axis x="-0.950382" y="-0.213476" z="-0.226278" />
              </rotate>
              <scale x="0.730788" y="0.730789" z="0.730788" />
            </keyframe>
            <keyframe time="0.500000" >
              <rotate angle="1.210151" >
                <axis x="-0.940577" y="-0.239688" z="-0.240553" />
              </rotate>
              <scale x="0.730788" y="0.730788" z="0.730788" />
            </keyframe>
            <keyframe time="0.541667" >
              <rotate angle="1.209567" >
                <axis x="-0.933145" y="-0.257857" z="-0.250500" />
              </rotate>
              <scale x="0.730788" y="0.730788" z="0.730788" />
            </keyframe>
            <keyframe time="0.583333" >
              <rotate angle="1.209612" >
                <axis x="-0.930548" y="-0.263916" z="-0.253828" />
              </rotate>
              <scale x="0.730788" y="0.730789" z="0.730788" />
            </keyframe>
            <keyframe time="0.625000" >
              <rotate angle="1.217739" >
                <axis x="-0.935733" y="-0.250568" z="-0.248235" />
              </rotate>
              <scale x="0.730788" y="0.730788" z="0.730788" />
            </keyframe>
            <keyframe time="0.666667" >
              <rotate angle="1.240041" >
                <axis x="-0.948004" y="-0.216103" z="-0.233640" />
              </rotate>
              <scale x="0.730788" y="0.730788" z="0.730788" />
            </keyframe>
            <keyframe time="0.708333" >
              <rotate angle="1.263771" >
                <axis x="-0.958488" y="-0.182402" z="-0.219158" />
              </rotate>
              <scale x="0.730788" y="0.730788" z="0.730788" />
            </keyframe>
            <keyframe time="0.750000" >
              <rotate angle="1.273198" >
                <axis x="-0.962046" y="-0.169745" z="-0.213666" />
              </rotate>
              <scale x="0.730788" y="0.730788" z="0.730789" />
            </keyframe>
          </keyframes>
        </track>
        <track bone="Bone.002_L.003" >
          <keyframes >
            <keyframe time="0.000000" >
              <rotate angle="1.149615" >
                <axis x="-0.112211" y="0.991045" z="-0.072382" />
              </rotate>
            </keyframe>
            <keyframe time="0.041667" >
              <rotate angle="1.153828" >
                <axis x="-0.124087" y="0.989442" z="-0.074880" />
              </rotate>
            </keyframe>
            <keyframe time="0.083333" >
              <rotate angle="1.165490" >
                <axis x="-0.154701" y="0.984612" z="-0.081284" />
              </rotate>
            </keyframe>
            <keyframe time="0.125000" >
              <rotate angle="1.178057" >
                <axis x="-0.184606" y="0.978910" z="-0.087493" />
              </rotate>
            </keyframe>
            <keyframe time="0.166667" >
              <rotate angle="1.183092" >
                <axis x="-0.195839" y="0.976515" z="-0.089812" />
              </rotate>
            </keyframe>
            <keyframe time="0.208333" >
              <rotate angle="1.180913" >
                <axis x="-0.190971" y="0.977631" z="-0.088138" />
              </rotate>
            </keyframe>
            <keyframe time="0.250000" >
              <rotate angle="1.174518" >
                <axis x="-0.176368" y="0.980785" z="-0.083404" />
              </rotate>
            </keyframe>
            <keyframe time="0.291667" >
              <rotate angle="1.165628" >
                <axis x="-0.155227" y="0.984851" z="-0.077291" />
              </rotate>
            </keyframe>
            <keyframe time="0.333333" >
              <rotate angle="1.157130" >
                <axis x="-0.134315" y="0.988279" z="-0.072556" />
              </rotate>
            </keyframe>
            <keyframe time="0.375000" >
              <rotate angle="1.150866" >
                <axis x="-0.119097" y="0.990338" z="-0.071038" />
              </rotate>
            </keyframe>
            <keyframe time="0.416667" >
              <rotate angle="1.145787" >
                <axis x="-0.107492" y="0.991252" z="-0.076579" />
              </rotate>
            </keyframe>
            <keyframe time="0.458333" >
              <rotate angle="1.140983" >
                <axis x="-0.096582" y="0.991089" z="-0.091732" />
              </rotate>
            </keyframe>
            <keyframe time="0.500000" >
              <rotate angle="1.137457" >
                <axis x="-0.088018" y="0.989902" z="-0.111117" />
              </rotate>
            </keyframe>
            <keyframe time="0.541667" >
              <rotate angle="1.135666" >
                <axis x="-0.083042" y="0.988525" z="-0.126184" />
              </rotate>
            </keyframe>
            <keyframe time="0.583333" >
              <rotate angle="1.135200" >
                <axis x="-0.081564" y="0.987952" z="-0.131523" />
              </rotate>
            </keyframe>
            <keyframe time="0.625000" >
              <rotate angle="1.136951" >
                <axis x="-0.085866" y="0.988648" z="-0.123298" />
              </rotate>
            </keyframe>
            <keyframe time="0.666667" >
              <rotate angle="1.141902" >
                <axis x="-0.097028" y="0.990057" z="-0.101843" />
              </rotate>
            </keyframe>
            <keyframe time="0.708333" >
              <rotate angle="1.147382" >
                <axis x="-0.108043" y="0.990882" z="-0.080503" />
              </rotate>
            </keyframe>
            <keyframe time="0.750000" >
              <rotate angle="1.149615" >
                <axis x="-0.112211" y="0.991045" z="-0.072382" />
              </rotate>
            </keyframe>
          </keyframes>
        </track>
        <track bone="Bone.002_L.004" >
          <keyframes >
            <keyframe time="0.000000" >
              <rotate angle="1.311976" >
                <axis x="0.060454" y="-0.997725" z="-0.029843" />
              </rotate>
            </keyframe>
            <keyframe time="0.041667" >
              <rotate angle="1.310512" >
                <axis x="0.050015" y="-0.998114" z="-0.035599" />
              </rotate>
            </keyframe>
            <keyframe time="0.083333" >
              <rotate angle="1.307336" >
                <axis x="0.022582" y="-0.998460" z="-0.050683" />
              </rotate>
            </keyframe>
            <keyframe time="0.125000" >
              <rotate angle="1.305110" >
                <axis x="-0.004971" y="-0.997823" z="-0.065770" />
              </rotate>
            </keyframe>
            <keyframe time="0.166667" >
              <rotate angle="1.304511" >
                <axis x="-0.015519" y="-0.997318" z="-0.071529" />
              </rotate>
            </keyframe>
            <keyframe time="0.208333" >
              <rotate angle="1.304552" >
                <axis x="-0.009388" y="-0.997650" z="-0.067868" />
              </rotate>
            </keyframe>
            <keyframe time="0.250000" >
              <rotate angle="1.305076" >
                <axis x="0.008093" y="-0.998311" z="-0.057531" />
              </rotate>
            </keyframe>
            <keyframe time="0.291667" >
              <rotate angle="1.306740" >
                <axis x="0.031068" y="-0.998538" z="-0.044224" />
              </rotate>
            </keyframe>
            <keyframe time="0.333333" >
              <rotate angle="1.309315" >
                <axis x="0.049976" y="-0.998177" z="-0.033846" />
              </rotate>
            </keyframe>
            <keyframe time="0.375000" >
              <rotate angle="1.311823" >
                <axis x="0.058600" y="-0.997827" z="-0.030137" />
              </rotate>
            </keyframe>
            <keyframe time="0.416667" >
              <rotate angle="1.314621" >
                <axis x="0.061134" y="-0.997632" z="-0.031497" />
              </rotate>
            </keyframe>
            <keyframe time="0.458333" >
              <rotate angle="1.318321" >
                <axis x="0.062826" y="-0.997397" z="-0.035397" />
              </rotate>
            </keyframe>
            <keyframe time="0.500000" >
              <rotate angle="1.322039" >
                <axis x="0.063633" y="-0.997155" z="-0.040405" />
              </rotate>
            </keyframe>
            <keyframe time="0.541667" >
              <rotate angle="1.324622" >
                <axis x="0.063836" y="-0.996977" z="-0.044298" />
              </rotate>
            </keyframe>
            <keyframe time="0.583333" >
              <rotate angle="1.325487" >
                <axis x="0.063837" y="-0.996914" z="-0.045679" />
              </rotate>
            </keyframe>
            <keyframe time="0.625000" >
              <rotate angle="1.323603" >
                <axis x="0.063374" y="-0.997041" z="-0.043506" />
              </rotate>
            </keyframe>
            <keyframe time="0.666667" >
              <rotate angle="1.318700" >
                <axis x="0.062155" y="-0.997351" z="-0.037797" />
              </rotate>
            </keyframe>
            <keyframe time="0.708333" >
              <rotate angle="1.313829" >
                <axis x="0.060927" y="-0.997628" z="-0.032050" />
              </rotate>
            </keyframe>
            <keyframe time="0.750000" >
              <rotate angle="1.311976" >
                <axis x="0.060454" y="-0.997725" z="-0.029843" />
              </rotate>
            </keyframe>
          </keyframes>
        </track>
        <track bone="Bone.002_L.005" >
          <keyframes >
            <keyframe time="0.000000" >
              <rotate angle="1.216737" >
                <axis x="-0.896997" y="0.303266" z="-0.321599" />
              </rotate>
            </keyframe>
            <keyframe time="0.041667" >
              <rotate angle="1.222935" >
                <axis x="-0.897646" y="0.301522" z="-0.321429" />
              </rotate>
            </keyframe>
            <keyframe time="0.083333" >
              <rotate angle="1.239163" >
                <axis x="-0.899301" y="0.297028" z="-0.320986" />
              </rotate>
            </keyframe>
            <keyframe time="0.125000" >
              <rotate angle="1.255413" >
                <axis x="-0.900899" y="0.292628" z="-0.320546" />
              </rotate>
            </keyframe>
            <keyframe time="0.166667" >
              <rotate angle="1.261631" >
                <axis x="-0.901495" y="0.290970" z="-0.320379" />
              </rotate>
            </keyframe>
            <keyframe time="0.208333" >
              <rotate angle="1.257634" >
                <axis x="-0.901113" y="0.292034" z="-0.320486" />
              </rotate>
            </keyframe>
            <keyframe time="0.250000" >
              <rotate angle="1.246383" >
                <axis x="-0.900018" y="0.295061" z="-0.320790" />
              </rotate>
            </keyframe>
            <keyframe time="0.291667" >
              <rotate angle="1.231949" >
                <axis x="-0.898573" y="0.299013" z="-0.321182" />
              </rotate>
            </keyframe>
            <keyframe time="0.333333" >
              <rotate angle="1.220721" >
                <axis x="-0.897415" y="0.302143" z="-0.321489" />
              </rotate>
            </keyframe>
            <keyframe time="0.375000" >
              <rotate angle="1.216737" >
                <axis x="-0.896997" y="0.303266" z="-0.321599" />
              </rotate>
            </keyframe>
            <keyframe time="0.416667" >
              <rotate angle="1.217103" >
                <axis x="-0.896910" y="0.302552" z="-0.322514" />
              </rotate>
            </keyframe>
            <keyframe time="0.458333" >
              <rotate angle="1.218140" >
                <axis x="-0.896658" y="0.300540" z="-0.325086" />
              </rotate>
            </keyframe>
            <keyframe time="0.500000" >
              <rotate angle="1.219486" >
                <axis x="-0.896320" y="0.297956" z="-0.328378" />
              </rotate>
            </keyframe>
            <keyframe time="0.541667" >
              <rotate angle="1.220546" >
                <axis x="-0.896047" y="0.295944" z="-0.330934" />
              </rotate>
            </keyframe>
            <keyframe time="0.583333" >
              <rotate angle="1.220924" >
                <axis x="-0.895948" y="0.295229" z="-0.331839" />
              </rotate>
            </keyframe>
            <keyframe time="0.625000" >
              <rotate angle="1.220336" >
                <axis x="-0.896102" y="0.296341" z="-0.330430" />
              </rotate>
            </keyframe>
            <keyframe time="0.666667" >
              <rotate angle="1.218811" >
                <axis x="-0.896491" y="0.299248" z="-0.326734" />
              </rotate>
            </keyframe>
            <keyframe time="0.708333" >
              <rotate angle="1.217307" >
                <axis x="-0.896861" y="0.302155" z="-0.323022" />
              </rotate>
            </keyframe>
            <keyframe time="0.750000" >
              <rotate angle="1.216737" >
                <axis x="-0.896997" y="0.303266" z="-0.321599" />
              </rotate>
            </keyframe>
          </keyframes>
        </track>
        <track bone="Bone.002_R" >
          <keyframes >
            <keyframe time="0.000000" >
              <rotate angle="0.442915" >
                <axis x="-0.118867" y="0.091755" z="0.988662" />
              </rotate>
            </keyframe>
            <keyframe time="0.041667" >
              <rotate angle="0.441041" >
                <axis x="-0.101514" y="0.092120" z="0.990559" />
              </rotate>
            </keyframe>
            <keyframe time="0.083333" >
              <rotate angle="0.436757" >
                <axis x="-0.055354" y="0.092850" z="0.994140" />
              </rotate>
            </keyframe>
            <keyframe time="0.125000" >
              <rotate angle="0.433387" >
                <axis x="-0.008288" y="0.093110" z="0.995621" />
              </rotate>
            </keyframe>
            <keyframe time="0.166667" >
              <rotate angle="0.432325" >
                <axis x="0.009885" y="0.092600" z="0.995654" />
              </rotate>
            </keyframe>
            <keyframe time="0.208333" >
              <rotate angle="0.432856" >
                <axis x="0.009677" y="0.080704" z="0.996691" />
              </rotate>
            </keyframe>
            <keyframe time="0.250000" >
              <rotate angle="0.434703" >
                <axis x="0.007953" y="0.048896" z="0.998773" />
              </rotate>
            </keyframe>
            <keyframe time="0.291667" >
              <rotate angle="0.437707" >
                <axis x="0.002727" y="0.008824" z="0.999957" />
              </rotate>
            </keyframe>
            <keyframe time="0.333333" >
              <rotate angle="0.440555" >
                <axis x="-0.007144" y="-0.021862" z="0.999735" />
              </rotate>
            </keyframe>
            <keyframe time="0.375000" >
              <rotate angle="0.441791" >
                <axis x="-0.021217" y="-0.032628" z="0.999243" />
              </rotate>
            </keyframe>
            <keyframe time="0.416667" >
              <rotate angle="0.440274" >
                <axis x="-0.064265" y="-0.027738" z="0.997547" />
              </rotate>
            </keyframe>
            <keyframe time="0.458333" >
              <rotate angle="0.438023" >
                <axis x="-0.156166" y="-0.012729" z="0.987651" />
              </rotate>
            </keyframe>
            <keyframe time="0.500000" >
              <rotate angle="0.439736" >
                <axis x="-0.265118" y="0.009292" z="0.964171" />
              </rotate>
            </keyframe>
            <keyframe time="0.541667" >
              <rotate angle="0.444541" >
                <axis x="-0.344242" y="0.031078" z="0.938367" />
              </rotate>
            </keyframe>
            <keyframe time="0.583333" >
              <rotate angle="0.447109" >
                <axis x="-0.370784" y="0.047594" z="0.927498" />
              </rotate>
            </keyframe>
            <keyframe time="0.625000" >
              <rotate angle="0.444983" >
                <axis x="-0.337455" y="0.062496" z="0.939265" />
              </rotate>
            </keyframe>
            <keyframe time="0.666667" >
              <rotate angle="0.441533" >
                <axis x="-0.247445" y="0.078080" z="0.965750" />
              </rotate>
            </keyframe>
            <keyframe time="0.708333" >
              <rotate angle="0.441812" >
                <axis x="-0.154605" y="0.088592" z="0.983997" />
              </rotate>
            </keyframe>
            <keyframe time="0.750000" >
              <rotate angle="0.442915" >
                <axis x="-0.118867" y="0.091755" z="0.988662" />
              </rotate>
            </keyframe>
          </keyframes>
        </track>
        <track bone="Bone.002_R.002" >
          <keyframes >
            <keyframe time="0.000000" >
              <rotate angle="1.403774" >
                <axis x="-0.360344" y="0.536918" z="0.762805" />
              </rotate>
              <scale x="0.730788" y="0.730788" z="0.730788" />
            </keyframe>
            <keyframe time="0.041667" >
              <rotate angle="1.396116" >
                <axis x="-0.358408" y="0.539269" z="0.762058" />
              </rotate>
              <scale x="0.730788" y="0.730788" z="0.730788" />
            </keyframe>
            <keyframe time="0.083333" >
              <rotate angle="1.375984" >
                <axis x="-0.353302" y="0.545288" z="0.760157" />
              </rotate>
              <scale x="0.730788" y="0.730788" z="0.730788" />
            </keyframe>
            <keyframe time="0.125000" >
              <rotate angle="1.355500" >
                <axis x="-0.348203" y="0.550858" z="0.758492" />
              </rotate>
              <scale x="0.730788" y="0.730788" z="0.730788" />
            </keyframe>
            <keyframe time="0.166667" >
              <rotate angle="1.346822" >
                <axis x="-0.346521" y="0.551899" z="0.758505" />
              </rotate>
              <scale x="0.730788" y="0.730788" z="0.730788" />
            </keyframe>
            <keyframe time="0.208333" >
              <rotate angle="1.348913" >
                <axis x="-0.351678" y="0.545971" z="0.760420" />
              </rotate>
              <scale x="0.730788" y="0.730788" z="0.730788" />
            </keyframe>
            <keyframe time="0.250000" >
              <rotate angle="1.357891" >
                <axis x="-0.365079" y="0.532326" z="0.763771" />
              </rotate>
              <scale x="0.730788" y="0.730788" z="0.730788" />
            </keyframe>
            <keyframe time="0.291667" >
              <rotate angle="1.371552" >
                <axis x="-0.381467" y="0.515356" z="0.767393" />
              </rotate>
              <scale x="0.730788" y="0.730788" z="0.730788" />
            </keyframe>
            <keyframe time="0.333333" >
              <rotate angle="1.384759" >
                <axis x="-0.393474" y="0.501985" z="0.770188" />
              </rotate>
              <scale x="0.730788" y="0.730789" z="0.730788" />
            </keyframe>
            <keyframe time="0.375000" >
              <rotate angle="1.393241" >
                <axis x="-0.397033" y="0.496528" z="0.771897" />
              </rotate>
              <scale x="0.730788" y="0.730789" z="0.730788" />
            </keyframe>
            <keyframe time="0.416667" >
              <rotate angle="1.400242" >
                <axis x="-0.394177" y="0.498887" z="0.771840" />
              </rotate>
              <scale x="0.730788" y="0.730788" z="0.730788" />
            </keyframe>
            <keyframe time="0.458333" >
              <rotate angle="1.409531" >
                <axis x="-0.387649" y="0.507633" z="0.769440" />
              </rotate>
              <scale x="0.730789" y="0.730788" z="0.730788" />
            </keyframe>
            <keyframe time="0.500000" >
              <rotate angle="1.418758" >
                <axis x="-0.379112" y="0.519320" z="0.765886" />
              </rotate>
              <scale x="0.730788" y="0.730789" z="0.730788" />
            </keyframe>
            <keyframe time="0.541667" >
              <rotate angle="1.424777" >
                <axis x="-0.371434" y="0.528687" z="0.763234" />
              </rotate>
              <scale x="0.730788" y="0.730788" z="0.730788" />
            </keyframe>
            <keyframe time="0.583333" >
              <rotate angle="1.425919" >
                <axis x="-0.366607" y="0.532486" z="0.762927" />
              </rotate>
              <scale x="0.730788" y="0.730788" z="0.730788" />
            </keyframe>
            <keyframe time="0.625000" >
              <rotate angle="1.422002" >
                <axis x="-0.363705" y="0.533553" z="0.763570" />
              </rotate>
              <scale x="0.730788" y="0.730788" z="0.730788" />
            </keyframe>
            <keyframe time="0.666667" >
              <rotate angle="1.414067" >
                <axis x="-0.361622" y="0.535110" z="0.763470" />
              </rotate>
              <scale x="0.730788" y="0.730788" z="0.730788" />
            </keyframe>
            <keyframe time="0.708333" >
              <rotate angle="1.406574" >
                <axis x="-0.360589" y="0.536441" z="0.763025" />
              </rotate>
              <scale x="0.730788" y="0.730788" z="0.730788" />
            </keyframe>
            <keyframe time="0.750000" >
              <rotate angle="1.403774" >
                <axis x="-0.360344" y="0.536918" z="0.762805" />
              </rotate>
              <scale x="0.730788" y="0.730788" z="0.730788" />
            </keyframe>
          </keyframes>
        </track>
        <track bone="Bone.002_R.003" >
          <keyframes >
            <keyframe time="0.000000" >
              <rotate angle="1.388444" >
                <axis x="-0.213888" y="-0.894046" z="0.393615" />
              </rotate>
            </keyframe>
            <keyframe time="0.041667" >
              <rotate angle="1.389902" >
                <axis x="-0.217120" y="-0.893726" z="0.392572" />
              </rotate>
            </keyframe>
            <keyframe time="0.083333" >
              <rotate angle="1.394000" >
                <axis x="-0.226057" y="-0.892731" z="0.389782" />
              </rotate>
            </keyframe>
            <keyframe time="0.125000" >
              <rotate angle="1.398822" >
                <axis x="-0.236331" y="-0.891350" z="0.386836" />
              </rotate>
            </keyframe>
            <keyframe time="0.166667" >
              <rotate angle="1.401988" >
                <axis x="-0.243026" y="-0.890160" z="0.385427" />
              </rotate>
            </keyframe>
            <keyframe time="0.208333" >
              <rotate angle="1.403750" >
                <axis x="-0.246754" y="-0.889290" z="0.385066" />
              </rotate>
            </keyframe>
            <keyframe time="0.250000" >
              <rotate angle="1.405042" >
                <axis x="-0.249341" y="-0.888632" z="0.384919" />
              </rotate>
            </keyframe>
            <keyframe time="0.291667" >
              <rotate angle="1.405820" >
                <axis x="-0.250670" y="-0.888162" z="0.385140" />
              </rotate>
            </keyframe>
            <keyframe time="0.333333" >
              <rotate angle="1.406231" >
                <axis x="-0.251064" y="-0.887771" z="0.385784" />
              </rotate>
            </keyframe>
            <keyframe time="0.375000" >
              <rotate angle="1.406505" >
                <axis x="-0.251055" y="-0.887346" z="0.386766" />
              </rotate>
            </keyframe>
            <keyframe time="0.416667" >
              <rotate angle="1.405567" >
                <axis x="-0.246442" y="-0.887370" z="0.389669" />
              </rotate>
            </keyframe>
            <keyframe time="0.458333" >
              <rotate angle="1.402500" >
                <axis x="-0.233505" y="-0.888191" z="0.395717" />
              </rotate>
            </keyframe>
            <keyframe time="0.500000" >
              <rotate angle="1.398572" >
                <axis x="-0.216779" y="-0.889211" z="0.402877" />
              </rotate>
            </keyframe>
            <keyframe time="0.541667" >
              <rotate angle="1.395403" >
                <axis x="-0.203657" y="-0.889876" z="0.408221" />
              </rotate>
            </keyframe>
            <keyframe time="0.583333" >
              <rotate angle="1.393786" >
                <axis x="-0.198979" y="-0.890082" z="0.410075" />
              </rotate>
            </keyframe>
            <keyframe time="0.625000" >
              <rotate angle="1.392508" >
                <axis x="-0.201041" y="-0.890656" z="0.407818" />
              </rotate>
            </keyframe>
            <keyframe time="0.666667" >
              <rotate angle="1.390588" >
                <axis x="-0.206434" y="-0.892118" z="0.401884" />
              </rotate>
            </keyframe>
            <keyframe time="0.708333" >
              <rotate angle="1.388997" >
                <axis x="-0.211827" y="-0.893524" z="0.395910" />
              </rotate>
            </keyframe>
            <keyframe time="0.750000" >
              <rotate angle="1.388444" >
                <axis x="-0.213888" y="-0.894046" z="0.393615" />
              </rotate>
            </keyframe>
          </keyframes>
        </track>
        <track bone="Bone.002_R.004" >
          <keyframes >
            <keyframe time="0.000000" >
              <rotate angle="1.697444" >
                <axis x="0.287271" y="0.945342" z="-0.154284" />
              </rotate>
            </keyframe>
            <keyframe time="0.041667" >
              <rotate angle="1.697145" >
                <axis x="0.286022" y="0.945658" z="-0.154667" />
              </rotate>
            </keyframe>
            <keyframe time="0.083333" >
              <rotate angle="1.696386" >
                <axis x="0.282673" y="0.946501" z="-0.155666" />
              </rotate>
            </keyframe>
            <keyframe time="0.125000" >
              <rotate angle="1.695684" >
                <axis x="0.279101" y="0.947397" z="-0.156656" />
              </rotate>
            </keyframe>
            <keyframe time="0.166667" >
              <rotate angle="1.695505" >
                <axis x="0.277294" y="0.947867" z="-0.157021" />
              </rotate>
            </keyframe>
            <keyframe time="0.208333" >
              <rotate angle="1.695648" >
                <axis x="0.276702" y="0.948043" z="-0.157005" />
              </rotate>
            </keyframe>
            <keyframe time="0.250000" >
              <rotate angle="1.695809" >
                <axis x="0.276290" y="0.948165" z="-0.156993" />
              </rotate>
            </keyframe>
            <keyframe time="0.291667" >
              <rotate angle="1.695955" >
                <axis x="0.276075" y="0.948229" z="-0.156987" />
              </rotate>
            </keyframe>
            <keyframe time="0.333333" >
              <rotate angle="1.696049" >
                <axis x="0.276005" y="0.948249" z="-0.156985" />
              </rotate>
            </keyframe>
            <keyframe time="0.375000" >
              <rotate angle="1.696080" >
                <axis x="0.275997" y="0.948252" z="-0.156985" />
              </rotate>
            </keyframe>
            <keyframe time="0.416667" >
              <rotate angle="1.695876" >
                <axis x="0.277738" y="0.947943" z="-0.155774" />
              </rotate>
            </keyframe>
            <keyframe time="0.458333" >
              <rotate angle="1.695328" >
                <axis x="0.282637" y="0.947050" z="-0.152358" />
              </rotate>
            </keyframe>
            <keyframe time="0.500000" >
              <rotate angle="1.694676" >
                <axis x="0.288916" y="0.945852" z="-0.147961" />
              </rotate>
            </keyframe>
            <keyframe time="0.541667" >
              <rotate angle="1.694211" >
                <axis x="0.293796" y="0.944878" z="-0.144529" />
              </rotate>
            </keyframe>
            <keyframe time="0.583333" >
              <rotate angle="1.694054" >
                <axis x="0.295527" y="0.944525" z="-0.143308" />
              </rotate>
            </keyframe>
            <keyframe time="0.625000" >
              <rotate angle="1.694510" >
                <axis x="0.294389" y="0.944648" z="-0.144828" />
              </rotate>
            </keyframe>
            <keyframe time="0.666667" >
              <rotate angle="1.695724" >
                <axis x="0.291406" y="0.944956" z="-0.148799" />
              </rotate>
            </keyframe>
            <keyframe time="0.708333" >
              <rotate angle="1.696963" >
                <axis x="0.288416" y="0.945240" z="-0.152768" />
              </rotate>
            </keyframe>
            <keyframe time="0.750000" >
              <rotate angle="1.697444" >
                <axis x="0.287271" y="0.945342" z="-0.154284" />
              </rotate>
            </keyframe>
          </keyframes>
        </track>
        <track bone="Bone.002_R.005" >
          <keyframes >
            <keyframe time="0.000000" >
              <rotate angle="0.220496" >
                <axis x="0.215308" y="-0.024719" z="0.976236" />
              </rotate>
            </keyframe>
            <keyframe time="0.041667" >
              <rotate angle="0.220203" >
                <axis x="0.211667" y="-0.025304" z="0.977016" />
              </rotate>
            </keyframe>
            <keyframe time="0.083333" >
              <rotate angle="0.219421" >
                <axis x="0.202110" y="-0.026841" z="0.978996" />
              </rotate>
            </keyframe>
            <keyframe time="0.125000" >
              <rotate angle="0.218577" >
                <axis x="0.192539" y="-0.028397" z="0.980877" />
              </rotate>
            </keyframe>
            <keyframe time="0.166667" >
              <rotate angle="0.218094" >
                <axis x="0.188999" y="-0.029016" z="0.981551" />
              </rotate>
            </keyframe>
            <keyframe time="0.208333" >
              <rotate angle="0.217837" >
                <axis x="0.189610" y="-0.028834" z="0.981438" />
              </rotate>
            </keyframe>
            <keyframe time="0.250000" >
              <rotate angle="0.217598" >
                <axis x="0.191204" y="-0.028255" z="0.981143" />
              </rotate>
            </keyframe>
            <keyframe time="0.291667" >
              <rotate angle="0.217441" >
                <axis x="0.193893" y="-0.027491" z="0.980639" />
              </rotate>
            </keyframe>
            <keyframe time="0.333333" >
              <rotate angle="0.217421" >
                <axis x="0.197401" y="-0.026883" z="0.979953" />
              </rotate>
            </keyframe>
            <keyframe time="0.375000" >
              <rotate angle="0.217538" >
                <axis x="0.201263" y="-0.026651" z="0.979179" />
              </rotate>
            </keyframe>
            <keyframe time="0.416667" >
              <rotate angle="0.218767" >
                <axis x="0.205600" y="-0.026760" z="0.978273" />
              </rotate>
            </keyframe>
            <keyframe time="0.458333" >
              <rotate angle="0.221898" >
                <axis x="0.210348" y="-0.027098" z="0.977253" />
              </rotate>
            </keyframe>
            <keyframe time="0.500000" >
              <rotate angle="0.225835" >
                <axis x="0.214473" y="-0.027530" z="0.976343" />
              </rotate>
            </keyframe>
            <keyframe time="0.541667" >
              <rotate angle="0.228875" >
                <axis x="0.217042" y="-0.027858" z="0.975767" />
              </rotate>
            </keyframe>
            <keyframe time="0.583333" >
              <rotate angle="0.229951" >
                <axis x="0.217844" y="-0.027974" z="0.975581" />
              </rotate>
            </keyframe>
            <keyframe time="0.625000" >
              <rotate angle="0.228643" >
                <axis x="0.217506" y="-0.027540" z="0.975670" />
              </rotate>
            </keyframe>
            <keyframe time="0.666667" >
              <rotate angle="0.225222" >
                <axis x="0.216604" y="-0.026380" z="0.975906" />
              </rotate>
            </keyframe>
            <keyframe time="0.708333" >
              <rotate angle="0.221802" >
                <axis x="0.215673" y="-0.025186" z="0.976148" />
              </rotate>
            </keyframe>
            <keyframe time="0.750000" >
              <rotate angle="0.220496" >
                <axis x="0.215308" y="-0.024719" z="0.976236" />
              </rotate>
            </keyframe>
          </keyframes>
        </track>
        <track bone="Bone.002_R.006" >
          <keyframes >
            <keyframe time="0.000000" >
              <rotate angle="0.000000" >
                <axis x="0.000000" y="0.000000" z="0.000000" />
              </rotate>
            </keyframe>
            <keyframe time="0.041667" >
              <rotate angle="0.000000" >
                <axis x="0.000000" y="0.000000" z="0.000000" />
              </rotate>
            </keyframe>
            <keyframe time="0.083333" >
              <rotate angle="0.000000" >
                <axis x="0.000000" y="0.000000" z="0.000000" />
              </rotate>
            </keyframe>
            <keyframe time="0.125000" >
              <rotate angle="0.005900" >
                <axis x="-0.961924" y="-0.003057" z="-0.275450" />
              </rotate>
            </keyframe>
            <keyframe time="0.166667" >
              <rotate angle="0.006020" >
                <axis x="-0.969629" y="-0.002912" z="-0.243978" />
              </rotate>
            </keyframe>
            <keyframe time="0.208333" >
              <rotate angle="0.005940" >
                <axis x="-0.965141" y="-0.003013" z="-0.264176" />
              </rotate>
            </keyframe>
            <keyframe time="0.250000" >
              <rotate angle="0.000000" >
                <axis x="0.000000" y="0.000000" z="0.000000" />
              </rotate>
            </keyframe>
            <keyframe time="0.291667" >
              <rotate angle="0.005524" >
                <axis x="-0.916664" y="-0.003669" z="-0.401129" />
              </rotate>
            </keyframe>
            <keyframe time="0.333333" >
              <rotate angle="0.000000" >
                <axis x="0.000000" y="0.000000" z="0.000000" />
              </rotate>
            </keyframe>
            <keyframe time="0.375000" >
              <rotate angle="0.000000" >
                <axis x="0.000000" y="0.000000" z="0.000000" />
              </rotate>
            </keyframe>
            <keyframe time="0.416667" >
              <rotate angle="0.000000" >
                <axis x="0.000000" y="0.000000" z="0.000000" />
              </rotate>
            </keyframe>
            <keyframe time="0.458333" >
              <rotate angle="0.005349" >
                <axis x="-0.986939" y="-0.003115" z="-0.163095" />
              </rotate>
            </keyframe>
            <keyframe time="0.500000" >
              <rotate angle="0.000000" >
                <axis x="0.000000" y="0.000000" z="0.000000" />
              </rotate>
            </keyframe>
            <keyframe time="0.541667" >
              <rotate angle="0.000000" >
                <axis x="0.000000" y="0.000000" z="0.000000" />
              </rotate>
            </keyframe>
            <keyframe time="0.583333" >
              <rotate angle="0.006940" >
                <axis x="-0.932462" y="-0.000984" z="0.359028" />
              </rotate>
            </keyframe>
            <keyframe time="0.625000" >
              <rotate angle="0.006478" >
                <axis x="-0.960449" y="-0.001373" z="0.275953" />
              </rotate>
            </keyframe>
            <keyframe time="0.666667" >
              <rotate angle="0.005567" >
                <axis x="-1.000318" y="-0.002564" z="-0.009704" />
              </rotate>
            </keyframe>
            <keyframe time="0.708333" >
              <rotate angle="0.000000" >
                <axis x="0.000000" y="0.000000" z="0.000000" />
              </rotate>
            </keyframe>
            <keyframe time="0.750000" >
              <rotate angle="0.000000" >
                <axis x="0.000000" y="0.000000" z="0.000000" />
              </rotate>
            </keyframe>
          </keyframes>
        </track>
        <track bone="Bone_L" >
          <keyframes >
            <keyframe time="0.000000" >
              <rotate angle="0.515034" >
                <axis x="-0.536327" y="-0.348911" z="-0.768516" />
              </rotate>
            </keyframe>
            <keyframe time="0.041667" >
              <rotate angle="0.485651" >
                <axis x="-0.548286" y="-0.339279" z="-0.764377" />
              </rotate>
            </keyframe>
            <keyframe time="0.083333" >
              <rotate angle="0.400816" >
                <axis x="-0.584531" y="-0.300680" z="-0.753602" />
              </rotate>
            </keyframe>
            <keyframe time="0.125000" >
              <rotate angle="0.294574" >
                <axis x="-0.632232" y="-0.210901" z="-0.745522" />
              </rotate>
            </keyframe>
            <keyframe time="0.166667" >
              <rotate angle="0.210728" >
                <axis x="-0.643460" y="-0.052417" z="-0.763685" />
              </rotate>
            </keyframe>
            <keyframe time="0.208333" >
              <rotate angle="0.146091" >
                <axis x="-0.495612" y="0.276146" z="-0.823500" />
              </rotate>
            </keyframe>
            <keyframe time="0.250000" >
              <rotate angle="0.133196" >
                <axis x="0.102871" y="0.772859" z="-0.626199" />
              </rotate>
            </keyframe>
            <keyframe time="0.291667" >
              <rotate angle="0.199186" >
                <axis x="0.506861" y="0.815666" z="-0.278886" />
              </rotate>
            </keyframe>
            <keyframe time="0.333333" >
              <rotate angle="0.261935" >
                <axis x="0.616673" y="0.772264" z="-0.152733" />
              </rotate>
            </keyframe>
            <keyframe time="0.375000" >
              <rotate angle="0.284379" >
                <axis x="0.640028" y="0.758100" z="-0.125113" />
              </rotate>
            </keyframe>
            <keyframe time="0.416667" >
              <rotate angle="0.254099" >
                <axis x="0.569047" y="0.802962" z="-0.177321" />
              </rotate>
            </keyframe>
            <keyframe time="0.458333" >
              <rotate angle="0.186513" >
                <axis x="0.196965" y="0.894993" z="-0.400251" />
              </rotate>
            </keyframe>
            <keyframe time="0.500000" >
              <rotate angle="0.193805" >
                <axis x="-0.541438" y="0.566128" z="-0.621568" />
              </rotate>
            </keyframe>
            <keyframe time="0.541667" >
              <rotate angle="0.281729" >
                <axis x="-0.775994" y="0.171432" z="-0.606997" />
              </rotate>
            </keyframe>
            <keyframe time="0.583333" >
              <rotate angle="0.341793" >
                <axis x="-0.774370" y="-0.009587" z="-0.632660" />
              </rotate>
            </keyframe>
            <keyframe time="0.625000" >
              <rotate angle="0.385681" >
                <axis x="-0.705170" y="-0.146157" z="-0.693812" />
              </rotate>
            </keyframe>
            <keyframe time="0.666667" >
              <rotate angle="0.446153" >
                <axis x="-0.617954" y="-0.264023" z="-0.740558" />
              </rotate>
            </keyframe>
            <keyframe time="0.708333" >
              <rotate angle="0.497112" >
                <axis x="-0.555999" y="-0.330203" z="-0.762779" />
              </rotate>
            </keyframe>
            <keyframe time="0.750000" >
              <rotate angle="0.515034" >
                <axis x="-0.536327" y="-0.348911" z="-0.768516" />
              </rotate>
            </keyframe>
          </keyframes>
        </track>
        <track bone="Bone_L.001" >
          <keyframes >
            <keyframe time="0.000000" >
              <rotate angle="0.393533" >
                <axis x="0.443751" y="-0.045122" z="0.895015" />
              </rotate>
            </keyframe>
            <keyframe time="0.041667" >
              <rotate angle="0.378427" >
                <axis x="0.429308" y="-0.051082" z="0.901713" />
              </rotate>
            </keyframe>
            <keyframe time="0.083333" >
              <rotate angle="0.332566" >
                <axis x="0.378242" y="-0.070474" z="0.923020" />
              </rotate>
            </keyframe>
            <keyframe time="0.125000" >
              <rotate angle="0.270015" >
                <axis x="0.281219" y="-0.101986" z="0.954215" />
              </rotate>
            </keyframe>
            <keyframe time="0.166667" >
              <rotate angle="0.212637" >
                <axis x="0.141969" y="-0.137012" z="0.980347" />
              </rotate>
            </keyframe>
            <keyframe time="0.208333" >
              <rotate angle="0.153260" >
                <axis x="-0.121456" y="-0.146004" z="0.981817" />
              </rotate>
            </keyframe>
            <keyframe time="0.250000" >
              <rotate angle="0.108647" >
                <axis x="-0.737227" y="-0.029426" z="0.675029" />
              </rotate>
            </keyframe>
            <keyframe time="0.291667" >
              <rotate angle="0.141476" >
                <axis x="-0.988051" y="0.151563" z="-0.028216" />
              </rotate>
            </keyframe>
            <keyframe time="0.333333" >
              <rotate angle="0.193289" >
                <axis x="-0.931733" y="0.209903" z="-0.296339" />
              </rotate>
            </keyframe>
            <keyframe time="0.375000" >
              <rotate angle="0.212710" >
                <axis x="-0.908931" y="0.222572" z="-0.352566" />
              </rotate>
            </keyframe>
            <keyframe time="0.416667" >
              <rotate angle="0.193324" >
                <axis x="-0.943646" y="0.227321" z="-0.240525" />
              </rotate>
            </keyframe>
            <keyframe time="0.458333" >
              <rotate angle="0.156598" >
                <axis x="-0.948330" y="0.215914" z="0.232500" />
              </rotate>
            </keyframe>
            <keyframe time="0.500000" >
              <rotate angle="0.178945" >
                <axis x="-0.539714" y="0.108098" z="0.834896" />
              </rotate>
            </keyframe>
            <keyframe time="0.541667" >
              <rotate angle="0.252273" >
                <axis x="-0.160997" y="0.021631" z="0.986722" />
              </rotate>
            </keyframe>
            <keyframe time="0.583333" >
              <rotate angle="0.304999" >
                <axis x="0.022648" y="-0.013440" z="0.999655" />
              </rotate>
            </keyframe>
            <keyframe time="0.625000" >
              <rotate angle="0.336322" >
                <axis x="0.168430" y="-0.030991" z="0.985227" />
              </rotate>
            </keyframe>
            <keyframe time="0.666667" >
              <rotate angle="0.365597" >
                <axis x="0.314544" y="-0.040946" z="0.948360" />
              </rotate>
            </keyframe>
            <keyframe time="0.708333" >
              <rotate angle="0.386633" >
                <axis x="0.412680" y="-0.044542" z="0.909787" />
              </rotate>
            </keyframe>
            <keyframe time="0.750000" >
              <rotate angle="0.393533" >
                <axis x="0.443751" y="-0.045122" z="0.895015" />
              </rotate>
            </keyframe>
          </keyframes>
        </track>
        <track bone="Bone_L.002" >
          <keyframes >
            <keyframe time="0.000000" >
              <rotate angle="0.050164" >
                <axis x="0.219027" y="-0.000793" z="0.975697" />
              </rotate>
            </keyframe>
            <keyframe time="0.041667" >
              <rotate angle="0.053132" >
                <axis x="0.169144" y="-0.047636" z="0.984476" />
              </rotate>
            </keyframe>
            <keyframe time="0.083333" >
              <rotate angle="0.061785" >
                <axis x="0.022049" y="-0.146430" z="0.988989" />
              </rotate>
            </keyframe>
            <keyframe time="0.125000" >
              <rotate angle="0.072740" >
                <axis x="-0.174868" y="-0.213970" z="0.961045" />
              </rotate>
            </keyframe>
            <keyframe time="0.166667" >
              <rotate angle="0.081603" >
                <axis x="-0.380217" y="-0.221298" z="0.898042" />
              </rotate>
            </keyframe>
            <keyframe time="0.208333" >
              <rotate angle="0.083598" >
                <axis x="-0.689017" y="-0.161329" z="0.706577" />
              </rotate>
            </keyframe>
            <keyframe time="0.250000" >
              <rotate angle="0.097634" >
                <axis x="-0.981020" y="-0.005954" z="0.193884" />
              </rotate>
            </keyframe>
            <keyframe time="0.291667" >
              <rotate angle="0.140374" >
                <axis x="-0.965815" y="0.114046" z="-0.232823" />
              </rotate>
            </keyframe>
            <keyframe time="0.333333" >
              <rotate angle="0.181444" >
                <axis x="-0.901835" y="0.159408" z="-0.401596" />
              </rotate>
            </keyframe>
            <keyframe time="0.375000" >
              <rotate angle="0.196649" >
                <axis x="-0.880181" y="0.170375" z="-0.443029" />
              </rotate>
            </keyframe>
            <keyframe time="0.416667" >
              <rotate angle="0.183524" >
                <axis x="-0.897031" y="0.170203" z="-0.407884" />
              </rotate>
            </keyframe>
            <keyframe time="0.458333" >
              <rotate angle="0.147151" >
                <axis x="-0.947082" y="0.167675" z="-0.273750" />
              </rotate>
            </keyframe>
            <keyframe time="0.500000" >
              <rotate angle="0.104399" >
                <axis x="-0.987742" y="0.151219" z="0.039582" />
              </rotate>
            </keyframe>
            <keyframe time="0.541667" >
              <rotate angle="0.078295" >
                <axis x="-0.863316" y="0.102094" z="0.494213" />
              </rotate>
            </keyframe>
            <keyframe time="0.583333" >
              <rotate angle="0.065973" >
                <axis x="-0.633087" y="0.055262" z="0.772109" />
              </rotate>
            </keyframe>
            <keyframe time="0.625000" >
              <rotate angle="0.055162" >
                <axis x="-0.395061" y="0.029339" z="0.918233" />
              </rotate>
            </keyframe>
            <keyframe time="0.666667" >
              <rotate angle="0.050078" >
                <axis x="-0.076713" y="0.008401" z="0.997071" />
              </rotate>
            </keyframe>
            <keyframe time="0.708333" >
              <rotate angle="0.049792" >
                <axis x="0.151777" y="0.000145" z="0.988457" />
              </rotate>
            </keyframe>
            <keyframe time="0.750000" >
              <rotate angle="0.050164" >
                <axis x="0.219027" y="-0.000793" z="0.975697" />
              </rotate>
            </keyframe>
          </keyframes>
        </track>
        <track bone="Bone_L.003" >
          <keyframes >
            <keyframe time="0.000000" >
              <rotate angle="0.031592" >
                <axis x="-0.804691" y="-0.199452" z="0.559405" />
              </rotate>
            </keyframe>
            <keyframe time="0.041667" >
              <rotate angle="0.047033" >
                <axis x="-0.917687" y="-0.137453" z="0.372792" />
              </rotate>
            </keyframe>
            <keyframe time="0.083333" >
              <rotate angle="0.091456" >
                <axis x="-0.979635" y="-0.075359" z="0.186368" />
              </rotate>
            </keyframe>
            <keyframe time="0.125000" >
              <rotate angle="0.137183" >
                <axis x="-0.991563" y="-0.053338" z="0.118247" />
              </rotate>
            </keyframe>
            <keyframe time="0.166667" >
              <rotate angle="0.154700" >
                <axis x="-0.993963" y="-0.048344" z="0.098579" />
              </rotate>
            </keyframe>
            <keyframe time="0.208333" >
              <rotate angle="0.134897" >
                <axis x="-0.993172" y="-0.054098" z="0.103362" />
              </rotate>
            </keyframe>
            <keyframe time="0.250000" >
              <rotate angle="0.079366" >
                <axis x="-0.984561" y="-0.085483" z="0.152648" />
              </rotate>
            </keyframe>
            <keyframe time="0.291667" >
              <rotate angle="0.013496" >
                <axis x="-0.471333" y="-0.453421" z="0.757504" />
              </rotate>
            </keyframe>
            <keyframe time="0.333333" >
              <rotate angle="0.050590" >
                <axis x="0.978256" y="-0.110657" z="0.175735" />
              </rotate>
            </keyframe>
            <keyframe time="0.375000" >
              <rotate angle="0.069997" >
                <axis x="0.989701" y="-0.077312" z="0.120574" />
              </rotate>
            </keyframe>
            <keyframe time="0.416667" >
              <rotate angle="0.061793" >
                <axis x="0.984741" y="-0.088845" z="0.149848" />
              </rotate>
            </keyframe>
            <keyframe time="0.458333" >
              <rotate angle="0.039319" >
                <axis x="0.944679" y="-0.145303" z="0.294312" />
              </rotate>
            </keyframe>
            <keyframe time="0.500000" >
              <rotate angle="0.017097" >
                <axis x="0.392020" y="-0.350913" z="0.850510" />
              </rotate>
            </keyframe>
            <keyframe time="0.541667" >
              <rotate angle="0.024734" >
                <axis x="-0.687532" y="-0.251558" z="0.681334" />
              </rotate>
            </keyframe>
            <keyframe time="0.583333" >
              <rotate angle="0.031592" >
                <axis x="-0.804691" y="-0.199452" z="0.559404" />
              </rotate>
            </keyframe>
            <keyframe time="0.625000" >
              <rotate angle="0.031592" >
                <axis x="-0.804691" y="-0.199452" z="0.559405" />
              </rotate>
            </keyframe>
            <keyframe time="0.666667" >
              <rotate angle="0.031592" >
                <axis x="-0.804691" y="-0.199452" z="0.559405" />
              </rotate>
            </keyframe>
            <keyframe time="0.708333" >
              <rotate angle="0.031592" >
                <axis x="-0.804691" y="-0.199452" z="0.559404" />
              </rotate>
            </keyframe>
            <keyframe time="0.750000" >
              <rotate angle="0.031592" >
                <axis x="-0.804691" y="-0.199452" z="0.559405" />
              </rotate>
            </keyframe>
          </keyframes>
        </track>
        <track bone="Bone_R" >
          <keyframes >
            <keyframe time="0.000000" >
              <rotate angle="0.273017" >
                <axis x="-0.667483" y="-0.545260" z="-0.507107" />
              </rotate>
            </keyframe>
            <keyframe time="0.041667" >
              <rotate angle="0.294901" >
                <axis x="-0.728741" y="-0.501382" z="-0.466428" />
              </rotate>
            </keyframe>
            <keyframe time="0.083333" >
              <rotate angle="0.355459" >
                <axis x="-0.844892" y="-0.391192" z="-0.364864" />
              </rotate>
            </keyframe>
            <keyframe time="0.125000" >
              <rotate angle="0.416381" >
                <axis x="-0.926964" y="-0.273102" z="-0.257203" />
              </rotate>
            </keyframe>
            <keyframe time="0.166667" >
              <rotate angle="0.431568" >
                <axis x="-0.973345" y="-0.164458" z="-0.159856" />
              </rotate>
            </keyframe>
            <keyframe time="0.208333" >
              <rotate angle="0.399644" >
                <axis x="-0.999493" y="0.011414" z="0.029730" />
              </rotate>
            </keyframe>
            <keyframe time="0.250000" >
              <rotate angle="0.388394" >
                <axis x="-0.856654" y="0.320029" z="0.404632" />
              </rotate>
            </keyframe>
            <keyframe time="0.291667" >
              <rotate angle="0.473865" >
                <axis x="-0.500202" y="0.536054" z="0.680033" />
              </rotate>
            </keyframe>
            <keyframe time="0.333333" >
              <rotate angle="0.580614" >
                <axis x="-0.257392" y="0.595500" z="0.761005" />
              </rotate>
            </keyframe>
            <keyframe time="0.375000" >
              <rotate angle="0.619649" >
                <axis x="-0.155790" y="0.607701" z="0.778735" />
              </rotate>
            </keyframe>
            <keyframe time="0.416667" >
              <rotate angle="0.582187" >
                <axis x="-0.115694" y="0.605767" z="0.787187" />
              </rotate>
            </keyframe>
            <keyframe time="0.458333" >
              <rotate angle="0.478765" >
                <axis x="-0.097984" y="0.587078" z="0.803581" />
              </rotate>
            </keyframe>
            <keyframe time="0.500000" >
              <rotate angle="0.332071" >
                <axis x="-0.108870" y="0.538161" z="0.835783" />
              </rotate>
            </keyframe>
            <keyframe time="0.541667" >
              <rotate angle="0.190091" >
                <axis x="-0.171352" y="0.415426" z="0.893346" />
              </rotate>
            </keyframe>
            <keyframe time="0.583333" >
              <rotate angle="0.093000" >
                <axis x="-0.345398" y="0.069504" z="0.935892" />
              </rotate>
            </keyframe>
            <keyframe time="0.625000" >
              <rotate angle="0.074492" >
                <axis x="-0.709649" y="-0.682831" z="0.173601" />
              </rotate>
            </keyframe>
            <keyframe time="0.666667" >
              <rotate angle="0.162734" >
                <axis x="-0.658528" y="-0.638468" z="-0.398378" />
              </rotate>
            </keyframe>
            <keyframe time="0.708333" >
              <rotate angle="0.244352" >
                <axis x="-0.660859" y="-0.566181" z="-0.492654" />
              </rotate>
            </keyframe>
            <keyframe time="0.750000" >
              <rotate angle="0.273017" >
                <axis x="-0.667483" y="-0.545260" z="-0.507107" />
              </rotate>
            </keyframe>
          </keyframes>
        </track>
        <track bone="Bone_R.001" >
          <keyframes >
            <keyframe time="0.000000" >
              <rotate angle="0.202226" >
                <axis x="-0.842705" y="-0.021295" z="-0.537962" />
              </rotate>
            </keyframe>
            <keyframe time="0.041667" >
              <rotate angle="0.225086" >
                <axis x="-0.756135" y="-0.051116" z="-0.652421" />
              </rotate>
            </keyframe>
            <keyframe time="0.083333" >
              <rotate angle="0.305710" >
                <axis x="-0.544663" y="-0.099500" z="-0.832732" />
              </rotate>
            </keyframe>
            <keyframe time="0.125000" >
              <rotate angle="0.416552" >
                <axis x="-0.371014" y="-0.118586" z="-0.921025" />
              </rotate>
            </keyframe>
            <keyframe time="0.166667" >
              <rotate angle="0.497203" >
                <axis x="-0.269228" y="-0.114018" z="-0.956303" />
              </rotate>
            </keyframe>
            <keyframe time="0.208333" >
              <rotate angle="0.547504" >
                <axis x="-0.165716" y="-0.083534" z="-0.982629" />
              </rotate>
            </keyframe>
            <keyframe time="0.250000" >
              <rotate angle="0.593267" >
                <axis x="-0.024229" y="-0.024555" z="-0.999405" />
              </rotate>
            </keyframe>
            <keyframe time="0.291667" >
              <rotate angle="0.637190" >
                <axis x="0.114043" y="0.040344" z="-0.992656" />
              </rotate>
            </keyframe>
            <keyframe time="0.333333" >
              <rotate angle="0.670042" >
                <axis x="0.204472" y="0.085303" z="-0.975149" />
              </rotate>
            </keyframe>
            <keyframe time="0.375000" >
              <rotate angle="0.681490" >
                <axis x="0.233656" y="0.100258" z="-0.967136" />
              </rotate>
            </keyframe>
            <keyframe time="0.416667" >
              <rotate angle="0.655567" >
                <axis x="0.214855" y="0.104133" z="-0.971079" />
              </rotate>
            </keyframe>
            <keyframe time="0.458333" >
              <rotate angle="0.579340" >
                <axis x="0.149544" y="0.117141" z="-0.981792" />
              </rotate>
            </keyframe>
            <keyframe time="0.500000" >
              <rotate angle="0.474796" >
                <axis x="0.022543" y="0.140511" z="-0.989824" />
              </rotate>
            </keyframe>
            <keyframe time="0.541667" >
              <rotate angle="0.381396" >
                <axis x="-0.158927" y="0.169596" z="-0.972615" />
              </rotate>
            </keyframe>
            <keyframe time="0.583333" >
              <rotate angle="0.321400" >
                <axis x="-0.337833" y="0.193025" z="-0.921201" />
              </rotate>
            </keyframe>
            <keyframe time="0.625000" >
              <rotate angle="0.275305" >
                <axis x="-0.504922" y="0.185415" z="-0.843016" />
              </rotate>
            </keyframe>
            <keyframe time="0.666667" >
              <rotate angle="0.233044" >
                <axis x="-0.684043" y="0.116819" z="-0.720030" />
              </rotate>
            </keyframe>
            <keyframe time="0.708333" >
              <rotate angle="0.208748" >
                <axis x="-0.807325" y="0.020711" z="-0.589747" />
              </rotate>
            </keyframe>
            <keyframe time="0.750000" >
              <rotate angle="0.202226" >
                <axis x="-0.842705" y="-0.021295" z="-0.537962" />
              </rotate>
            </keyframe>
          </keyframes>
        </track>
        <track bone="Bone_R.002" >
          <keyframes >
            <keyframe time="0.000000" >
              <rotate angle="0.015852" >
                <axis x="0.238895" y="0.001365" z="0.971293" />
              </rotate>
            </keyframe>
            <keyframe time="0.041667" >
              <rotate angle="0.010786" >
                <axis x="0.959328" y="-0.263903" z="-0.096731" />
              </rotate>
            </keyframe>
            <keyframe time="0.083333" >
              <rotate angle="0.052957" >
                <axis x="0.519463" y="-0.195431" z="-0.831841" />
              </rotate>
            </keyframe>
            <keyframe time="0.125000" >
              <rotate angle="0.099464" >
                <axis x="0.449096" y="-0.179479" z="-0.875267" />
              </rotate>
            </keyframe>
            <keyframe time="0.166667" >
              <rotate angle="0.117385" >
                <axis x="0.436636" y="-0.176599" z="-0.882139" />
              </rotate>
            </keyframe>
            <keyframe time="0.208333" >
              <rotate angle="0.087580" >
                <axis x="0.341391" y="-0.198306" z="-0.918773" />
              </rotate>
            </keyframe>
            <keyframe time="0.250000" >
              <rotate angle="0.034548" >
                <axis x="-0.885271" y="-0.226101" z="-0.406608" />
              </rotate>
            </keyframe>
            <keyframe time="0.291667" >
              <rotate angle="0.131320" >
                <axis x="-0.825503" y="0.034385" z="0.563368" />
              </rotate>
            </keyframe>
            <keyframe time="0.333333" >
              <rotate angle="0.224334" >
                <axis x="-0.752302" y="0.062854" z="0.655819" />
              </rotate>
            </keyframe>
            <keyframe time="0.375000" >
              <rotate angle="0.263427" >
                <axis x="-0.721398" y="0.066378" z="0.689336" />
              </rotate>
            </keyframe>
            <keyframe time="0.416667" >
              <rotate angle="0.270108" >
                <axis x="-0.697085" y="0.057575" z="0.714672" />
              </rotate>
            </keyframe>
            <keyframe time="0.458333" >
              <rotate angle="0.271307" >
                <axis x="-0.670477" y="0.037293" z="0.740992" />
              </rotate>
            </keyframe>
            <keyframe time="0.500000" >
              <rotate angle="0.266154" >
                <axis x="-0.636628" y="0.011810" z="0.771079" />
              </rotate>
            </keyframe>
            <keyframe time="0.541667" >
              <rotate angle="0.256114" >
                <axis x="-0.590997" y="-0.008937" z="0.806627" />
              </rotate>
            </keyframe>
            <keyframe time="0.583333" >
              <rotate angle="0.244094" >
                <axis x="-0.531412" y="-0.017277" z="0.846940" />
              </rotate>
            </keyframe>
            <keyframe time="0.625000" >
              <rotate angle="0.204595" >
                <axis x="-0.472420" y="-0.017748" z="0.881197" />
              </rotate>
            </keyframe>
            <keyframe time="0.666667" >
              <rotate angle="0.121651" >
                <axis x="-0.408058" y="-0.017238" z="0.912824" />
              </rotate>
            </keyframe>
            <keyframe time="0.708333" >
              <rotate angle="0.043042" >
                <axis x="-0.236893" y="-0.013093" z="0.971558" />
              </rotate>
            </keyframe>
            <keyframe time="0.750000" >
              <rotate angle="0.015852" >
                <axis x="0.238895" y="0.001365" z="0.971293" />
              </rotate>
            </keyframe>
          </keyframes>
        </track>
        <track bone="Bone_R.003" >
          <keyframes >
            <keyframe time="0.000000" >
              <rotate angle="0.000000" >
                <axis x="0.000000" y="0.000000" z="0.000000" />
              </rotate>
            </keyframe>
            <keyframe time="0.041667" >
              <rotate angle="0.024473" >
                <axis x="0.997599" y="-0.000243" z="-0.068177" />
              </rotate>
            </keyframe>
            <keyframe time="0.083333" >
              <rotate angle="0.088552" >
                <axis x="0.997680" y="-0.000243" z="-0.068183" />
              </rotate>
            </keyframe>
            <keyframe time="0.125000" >
              <rotate angle="0.152634" >
                <axis x="0.997673" y="-0.000243" z="-0.068183" />
              </rotate>
            </keyframe>
            <keyframe time="0.166667" >
              <rotate angle="0.177104" >
                <axis x="0.997678" y="-0.000243" z="-0.068183" />
              </rotate>
            </keyframe>
            <keyframe time="0.208333" >
              <rotate angle="0.149848" >
                <axis x="0.997179" y="0.000463" z="-0.075071" />
              </rotate>
            </keyframe>
            <keyframe time="0.250000" >
              <rotate angle="0.072927" >
                <axis x="0.992480" y="0.005301" z="-0.122174" />
              </rotate>
            </keyframe>
            <keyframe time="0.291667" >
              <rotate angle="0.027414" >
                <axis x="-0.976306" y="0.028951" z="-0.214818" />
              </rotate>
            </keyframe>
            <keyframe time="0.333333" >
              <rotate angle="0.103902" >
                <axis x="-0.999358" y="0.010676" z="-0.033995" />
              </rotate>
            </keyframe>
            <keyframe time="0.375000" >
              <rotate angle="0.131118" >
                <axis x="-0.999746" y="0.009309" z="-0.020559" />
              </rotate>
            </keyframe>
            <keyframe time="0.416667" >
              <rotate angle="0.116042" >
                <axis x="-0.999664" y="0.009437" z="-0.024328" />
              </rotate>
            </keyframe>
            <keyframe time="0.458333" >
              <rotate angle="0.073652" >
                <axis x="-0.999013" y="0.010079" z="-0.043222" />
              </rotate>
            </keyframe>
            <keyframe time="0.500000" >
              <rotate angle="0.019409" >
                <axis x="-0.983047" y="0.014899" z="-0.187809" />
              </rotate>
            </keyframe>
            <keyframe time="0.541667" >
              <rotate angle="0.023691" >
                <axis x="0.985757" y="-0.002689" z="-0.168989" />
              </rotate>
            </keyframe>
            <keyframe time="0.583333" >
              <rotate angle="0.038621" >
                <axis x="0.994397" y="-0.004891" z="-0.106936" />
              </rotate>
            </keyframe>
            <keyframe time="0.625000" >
              <rotate angle="0.033275" >
                <axis x="0.994482" y="-0.004891" z="-0.106945" />
              </rotate>
            </keyframe>
            <keyframe time="0.666667" >
              <rotate angle="0.019310" >
                <axis x="0.994340" y="-0.004891" z="-0.106931" />
              </rotate>
            </keyframe>
            <keyframe time="0.708333" >
              <rotate angle="0.000000" >
                <axis x="0.000000" y="0.000000" z="0.000000" />
              </rotate>
            </keyframe>
            <keyframe time="0.750000" >
              <rotate angle="0.000000" >
                <axis x="0.000000" y="0.000000" z="0.000000" />
              </rotate>
            </keyframe>
          </keyframes>
        </track>
      </tracks>
    </animation>
  </animations>
</skeleton>