<?xml version="1.0" encoding="UTF-8"?>
<mesh>
    <sharedgeometry vertexcount="240">
        <vertexbuffer colours_diffuse="False" normals="true" positions="true" texture_coords="0">
            <vertex>
                <position x="-0.382683" y="-0.923880" z="-0.000000"/>
                <normal x="-0.541419" y="-0.810291" z="-0.224263"/>
            </vertex>
            <vertex>
                <position x="-0.707107" y="-0.707107" z="-0.000000"/>
                <normal x="-0.541419" y="-0.810291" z="-0.224263"/>
            </vertex>
            <vertex>
                <position x="-0.500000" y="-0.707107" z="-0.500000"/>
                <normal x="-0.541419" y="-0.810291" z="-0.224263"/>
            </vertex>
            <vertex>
                <position x="-0.270598" y="-0.923880" z="-0.270598"/>
                <normal x="-0.541419" y="-0.810291" z="-0.224263"/>
            </vertex>
            <vertex>
                <position x="-0.707107" y="-0.707107" z="-0.000000"/>
                <normal x="-0.786151" y="-0.525289" z="-0.325634"/>
            </vertex>
            <vertex>
                <position x="-0.923880" y="-0.382684" z="-0.000000"/>
                <normal x="-0.786151" y="-0.525289" z="-0.325634"/>
            </vertex>
            <vertex>
                <position x="-0.653282" y="-0.382684" z="-0.653281"/>
                <normal x="-0.786151" y="-0.525289" z="-0.325634"/>
            </vertex>
            <vertex>
                <position x="-0.500000" y="-0.707107" z="-0.500000"/>
                <normal x="-0.786151" y="-0.525289" z="-0.325634"/>
            </vertex>
            <vertex>
                <position x="-0.923880" y="-0.382684" z="-0.000000"/>
                <normal x="-0.908663" y="-0.180744" z="-0.376381"/>
            </vertex>
            <vertex>
                <position x="-1.000000" y="-0.000000" z="-0.000000"/>
                <normal x="-0.908663" y="-0.180744" z="-0.376381"/>
            </vertex>
            <vertex>
                <position x="-0.707107" y="-0.000000" z="-0.707107"/>
                <normal x="-0.908663" y="-0.180744" z="-0.376381"/>
            </vertex>
            <vertex>
                <position x="-0.653282" y="-0.382684" z="-0.653281"/>
                <normal x="-0.908663" y="-0.180744" z="-0.376381"/>
            </vertex>
            <vertex>
                <position x="-1.000000" y="-0.000000" z="-0.000000"/>
                <normal x="-0.908663" y="0.180744" z="-0.376381"/>
            </vertex>
            <vertex>
                <position x="-0.923880" y="0.382683" z="-0.000000"/>
                <normal x="-0.908663" y="0.180744" z="-0.376381"/>
            </vertex>
            <vertex>
                <position x="-0.653282" y="0.382683" z="-0.653281"/>
                <normal x="-0.908663" y="0.180744" z="-0.376381"/>
            </vertex>
            <vertex>
                <position x="-0.707107" y="-0.000000" z="-0.707107"/>
                <normal x="-0.908663" y="0.180744" z="-0.376381"/>
            </vertex>
            <vertex>
                <position x="-0.923880" y="0.382683" z="-0.000000"/>
                <normal x="-0.786151" y="0.525289" z="-0.325634"/>
            </vertex>
            <vertex>
                <position x="-0.707107" y="0.707107" z="-0.000000"/>
                <normal x="-0.786151" y="0.525289" z="-0.325634"/>
            </vertex>
            <vertex>
                <position x="-0.500000" y="0.707107" z="-0.500000"/>
                <normal x="-0.786151" y="0.525289" z="-0.325634"/>
            </vertex>
            <vertex>
                <position x="-0.653282" y="0.382683" z="-0.653281"/>
                <normal x="-0.786151" y="0.525289" z="-0.325634"/>
            </vertex>
            <vertex>
                <position x="-0.707107" y="0.707107" z="-0.000000"/>
                <normal x="-0.541419" y="0.810291" z="-0.224263"/>
            </vertex>
            <vertex>
                <position x="-0.382683" y="0.923880" z="-0.000000"/>
                <normal x="-0.541419" y="0.810291" z="-0.224263"/>
            </vertex>
            <vertex>
                <position x="-0.270598" y="0.923880" z="-0.270598"/>
                <normal x="-0.541419" y="0.810291" z="-0.224263"/>
            </vertex>
            <vertex>
                <position x="-0.500000" y="0.707107" z="-0.500000"/>
                <normal x="-0.541419" y="0.810291" z="-0.224263"/>
            </vertex>
            <vertex>
                <position x="-0.270598" y="-0.923880" z="-0.270598"/>
                <normal x="-0.224263" y="-0.810291" z="-0.541419"/>
            </vertex>
            <vertex>
                <position x="-0.500000" y="-0.707107" z="-0.500000"/>
                <normal x="-0.224263" y="-0.810291" z="-0.541419"/>
            </vertex>
            <vertex>
                <position x="-0.000000" y="-0.707107" z="-0.707107"/>
                <normal x="-0.224263" y="-0.810291" z="-0.541419"/>
            </vertex>
            <vertex>
                <position x="-0.000000" y="-0.923880" z="-0.382683"/>
                <normal x="-0.224263" y="-0.810291" z="-0.541419"/>
            </vertex>
            <vertex>
                <position x="-0.500000" y="-0.707107" z="-0.500000"/>
                <normal x="-0.325634" y="-0.525289" z="-0.786151"/>
            </vertex>
            <vertex>
                <position x="-0.653282" y="-0.382684" z="-0.653281"/>
                <normal x="-0.325634" y="-0.525289" z="-0.786151"/>
            </vertex>
            <vertex>
                <position x="-0.000000" y="-0.382684" z="-0.923879"/>
                <normal x="-0.325634" y="-0.525289" z="-0.786151"/>
            </vertex>
            <vertex>
                <position x="-0.000000" y="-0.707107" z="-0.707107"/>
                <normal x="-0.325634" y="-0.525289" z="-0.786151"/>
            </vertex>
            <vertex>
                <position x="-0.653282" y="-0.382684" z="-0.653281"/>
                <normal x="-0.376381" y="-0.180744" z="-0.908663"/>
            </vertex>
            <vertex>
                <position x="-0.707107" y="-0.000000" z="-0.707107"/>
                <normal x="-0.376381" y="-0.180744" z="-0.908663"/>
            </vertex>
            <vertex>
                <position x="-0.000000" y="-0.000000" z="-1.000000"/>
                <normal x="-0.376381" y="-0.180744" z="-0.908663"/>
            </vertex>
            <vertex>
                <position x="-0.000000" y="-0.382684" z="-0.923879"/>
                <normal x="-0.376381" y="-0.180744" z="-0.908663"/>
            </vertex>
            <vertex>
                <position x="-0.707107" y="-0.000000" z="-0.707107"/>
                <normal x="-0.376381" y="0.180744" z="-0.908663"/>
            </vertex>
            <vertex>
                <position x="-0.653282" y="0.382683" z="-0.653281"/>
                <normal x="-0.376381" y="0.180744" z="-0.908663"/>
            </vertex>
            <vertex>
                <position x="-0.000000" y="0.382683" z="-0.923879"/>
                <normal x="-0.376381" y="0.180744" z="-0.908663"/>
            </vertex>
            <vertex>
                <position x="-0.000000" y="-0.000000" z="-1.000000"/>
                <normal x="-0.376381" y="0.180744" z="-0.908663"/>
            </vertex>
            <vertex>
                <position x="-0.653282" y="0.382683" z="-0.653281"/>
                <normal x="-0.325634" y="0.525289" z="-0.786151"/>
            </vertex>
            <vertex>
                <position x="-0.500000" y="0.707107" z="-0.500000"/>
                <normal x="-0.325634" y="0.525289" z="-0.786151"/>
            </vertex>
            <vertex>
                <position x="-0.000000" y="0.707107" z="-0.707107"/>
                <normal x="-0.325634" y="0.525289" z="-0.786151"/>
            </vertex>
            <vertex>
                <position x="-0.000000" y="0.382683" z="-0.923879"/>
                <normal x="-0.325634" y="0.525289" z="-0.786151"/>
            </vertex>
            <vertex>
                <position x="-0.500000" y="0.707107" z="-0.500000"/>
                <normal x="-0.224263" y="0.810291" z="-0.541419"/>
            </vertex>
            <vertex>
                <position x="-0.270598" y="0.923880" z="-0.270598"/>
                <normal x="-0.224263" y="0.810291" z="-0.541419"/>
            </vertex>
            <vertex>
                <position x="-0.000000" y="0.923880" z="-0.382683"/>
                <normal x="-0.224263" y="0.810291" z="-0.541419"/>
            </vertex>
            <vertex>
                <position x="-0.000000" y="0.707107" z="-0.707107"/>
                <normal x="-0.224263" y="0.810291" z="-0.541419"/>
            </vertex>
            <vertex>
                <position x="-0.000000" y="-0.923880" z="-0.382683"/>
                <normal x="0.224263" y="-0.810291" z="-0.541419"/>
            </vertex>
            <vertex>
                <position x="-0.000000" y="-0.707107" z="-0.707107"/>
                <normal x="0.224263" y="-0.810291" z="-0.541419"/>
            </vertex>
            <vertex>
                <position x="0.500000" y="-0.707107" z="-0.500000"/>
                <normal x="0.224263" y="-0.810291" z="-0.541419"/>
            </vertex>
            <vertex>
                <position x="0.270598" y="-0.923880" z="-0.270598"/>
                <normal x="0.224263" y="-0.810291" z="-0.541419"/>
            </vertex>
            <vertex>
                <position x="-0.000000" y="-0.707107" z="-0.707107"/>
                <normal x="0.325634" y="-0.525289" z="-0.786151"/>
            </vertex>
            <vertex>
                <position x="-0.000000" y="-0.382684" z="-0.923879"/>
                <normal x="0.325634" y="-0.525289" z="-0.786151"/>
            </vertex>
            <vertex>
                <position x="0.653281" y="-0.382684" z="-0.653281"/>
                <normal x="0.325634" y="-0.525289" z="-0.786151"/>
            </vertex>
            <vertex>
                <position x="0.500000" y="-0.707107" z="-0.500000"/>
                <normal x="0.325634" y="-0.525289" z="-0.786151"/>
            </vertex>
            <vertex>
                <position x="-0.000000" y="-0.382684" z="-0.923879"/>
                <normal x="0.376381" y="-0.180744" z="-0.908663"/>
            </vertex>
            <vertex>
                <position x="-0.000000" y="-0.000000" z="-1.000000"/>
                <normal x="0.376381" y="-0.180744" z="-0.908663"/>
            </vertex>
            <vertex>
                <position x="0.707106" y="-0.000000" z="-0.707107"/>
                <normal x="0.376381" y="-0.180744" z="-0.908663"/>
            </vertex>
            <vertex>
                <position x="0.653281" y="-0.382684" z="-0.653281"/>
                <normal x="0.376381" y="-0.180744" z="-0.908663"/>
            </vertex>
            <vertex>
                <position x="-0.000000" y="-0.000000" z="-1.000000"/>
                <normal x="0.376381" y="0.180744" z="-0.908663"/>
            </vertex>
            <vertex>
                <position x="-0.000000" y="0.382683" z="-0.923879"/>
                <normal x="0.376381" y="0.180744" z="-0.908663"/>
            </vertex>
            <vertex>
                <position x="0.653281" y="0.382683" z="-0.653281"/>
                <normal x="0.376381" y="0.180744" z="-0.908663"/>
            </vertex>
            <vertex>
                <position x="0.707106" y="-0.000000" z="-0.707107"/>
                <normal x="0.376381" y="0.180744" z="-0.908663"/>
            </vertex>
            <vertex>
                <position x="-0.000000" y="0.382683" z="-0.923879"/>
                <normal x="0.325634" y="0.525289" z="-0.786151"/>
            </vertex>
            <vertex>
                <position x="-0.000000" y="0.707107" z="-0.707107"/>
                <normal x="0.325634" y="0.525289" z="-0.786151"/>
            </vertex>
            <vertex>
                <position x="0.500000" y="0.707107" z="-0.500000"/>
                <normal x="0.325634" y="0.525289" z="-0.786151"/>
            </vertex>
            <vertex>
                <position x="0.653281" y="0.382683" z="-0.653281"/>
                <normal x="0.325634" y="0.525289" z="-0.786151"/>
            </vertex>
            <vertex>
                <position x="-0.000000" y="0.707107" z="-0.707107"/>
                <normal x="0.224263" y="0.810291" z="-0.541419"/>
            </vertex>
            <vertex>
                <position x="-0.000000" y="0.923880" z="-0.382683"/>
                <normal x="0.224263" y="0.810291" z="-0.541419"/>
            </vertex>
            <vertex>
                <position x="0.270598" y="0.923880" z="-0.270598"/>
                <normal x="0.224263" y="0.810291" z="-0.541419"/>
            </vertex>
            <vertex>
                <position x="0.500000" y="0.707107" z="-0.500000"/>
                <normal x="0.224263" y="0.810291" z="-0.541419"/>
            </vertex>
            <vertex>
                <position x="0.270598" y="-0.923880" z="-0.270598"/>
                <normal x="0.541419" y="-0.810291" z="-0.224263"/>
            </vertex>
            <vertex>
                <position x="0.500000" y="-0.707107" z="-0.500000"/>
                <normal x="0.541419" y="-0.810291" z="-0.224263"/>
            </vertex>
            <vertex>
                <position x="0.707106" y="-0.707107" z="-0.000000"/>
                <normal x="0.541419" y="-0.810291" z="-0.224263"/>
            </vertex>
            <vertex>
                <position x="0.382683" y="-0.923880" z="-0.000000"/>
                <normal x="0.541419" y="-0.810291" z="-0.224263"/>
            </vertex>
            <vertex>
                <position x="0.500000" y="-0.707107" z="-0.500000"/>
                <normal x="0.786151" y="-0.525289" z="-0.325634"/>
            </vertex>
            <vertex>
                <position x="0.653281" y="-0.382684" z="-0.653281"/>
                <normal x="0.786151" y="-0.525289" z="-0.325634"/>
            </vertex>
            <vertex>
                <position x="0.923879" y="-0.382684" z="-0.000000"/>
                <normal x="0.786151" y="-0.525289" z="-0.325634"/>
            </vertex>
            <vertex>
                <position x="0.707106" y="-0.707107" z="-0.000000"/>
                <normal x="0.786151" y="-0.525289" z="-0.325634"/>
            </vertex>
            <vertex>
                <position x="0.653281" y="-0.382684" z="-0.653281"/>
                <normal x="0.908663" y="-0.180744" z="-0.376381"/>
            </vertex>
            <vertex>
                <position x="0.707106" y="-0.000000" z="-0.707107"/>
                <normal x="0.908663" y="-0.180744" z="-0.376381"/>
            </vertex>
            <vertex>
                <position x="1.000000" y="-0.000000" z="-0.000000"/>
                <normal x="0.908663" y="-0.180744" z="-0.376381"/>
            </vertex>
            <vertex>
                <position x="0.923879" y="-0.382684" z="-0.000000"/>
                <normal x="0.908663" y="-0.180744" z="-0.376381"/>
            </vertex>
            <vertex>
                <position x="0.707106" y="-0.000000" z="-0.707107"/>
                <normal x="0.908663" y="0.180744" z="-0.376381"/>
            </vertex>
            <vertex>
                <position x="0.653281" y="0.382683" z="-0.653281"/>
                <normal x="0.908663" y="0.180744" z="-0.376381"/>
            </vertex>
            <vertex>
                <position x="0.923879" y="0.382683" z="-0.000000"/>
                <normal x="0.908663" y="0.180744" z="-0.376381"/>
            </vertex>
            <vertex>
                <position x="1.000000" y="-0.000000" z="-0.000000"/>
                <normal x="0.908663" y="0.180744" z="-0.376381"/>
            </vertex>
            <vertex>
                <position x="0.653281" y="0.382683" z="-0.653281"/>
                <normal x="0.786151" y="0.525289" z="-0.325634"/>
            </vertex>
            <vertex>
                <position x="0.500000" y="0.707107" z="-0.500000"/>
                <normal x="0.786151" y="0.525289" z="-0.325634"/>
            </vertex>
            <vertex>
                <position x="0.707106" y="0.707107" z="-0.000000"/>
                <normal x="0.786151" y="0.525289" z="-0.325634"/>
            </vertex>
            <vertex>
                <position x="0.923879" y="0.382683" z="-0.000000"/>
                <normal x="0.786151" y="0.525289" z="-0.325634"/>
            </vertex>
            <vertex>
                <position x="0.500000" y="0.707107" z="-0.500000"/>
                <normal x="0.541419" y="0.810291" z="-0.224263"/>
            </vertex>
            <vertex>
                <position x="0.270598" y="0.923880" z="-0.270598"/>
                <normal x="0.541419" y="0.810291" z="-0.224263"/>
            </vertex>
            <vertex>
                <position x="0.382683" y="0.923880" z="-0.000000"/>
                <normal x="0.541419" y="0.810291" z="-0.224263"/>
            </vertex>
            <vertex>
                <position x="0.707106" y="0.707107" z="-0.000000"/>
                <normal x="0.541419" y="0.810291" z="-0.224263"/>
            </vertex>
            <vertex>
                <position x="0.382683" y="-0.923880" z="-0.000000"/>
                <normal x="0.541419" y="-0.810291" z="0.224263"/>
            </vertex>
            <vertex>
                <position x="0.707106" y="-0.707107" z="-0.000000"/>
                <normal x="0.541419" y="-0.810291" z="0.224263"/>
            </vertex>
            <vertex>
                <position x="0.500000" y="-0.707107" z="0.500000"/>
                <normal x="0.541419" y="-0.810291" z="0.224263"/>
            </vertex>
            <vertex>
                <position x="0.270598" y="-0.923880" z="0.270598"/>
                <normal x="0.541419" y="-0.810291" z="0.224263"/>
            </vertex>
            <vertex>
                <position x="0.707106" y="-0.707107" z="-0.000000"/>
                <normal x="0.786151" y="-0.525289" z="0.325634"/>
            </vertex>
            <vertex>
                <position x="0.923879" y="-0.382684" z="-0.000000"/>
                <normal x="0.786151" y="-0.525289" z="0.325634"/>
            </vertex>
            <vertex>
                <position x="0.653281" y="-0.382684" z="0.653281"/>
                <normal x="0.786151" y="-0.525289" z="0.325634"/>
            </vertex>
            <vertex>
                <position x="0.500000" y="-0.707107" z="0.500000"/>
                <normal x="0.786151" y="-0.525289" z="0.325634"/>
            </vertex>
            <vertex>
                <position x="0.923879" y="-0.382684" z="-0.000000"/>
                <normal x="0.908663" y="-0.180744" z="0.376381"/>
            </vertex>
            <vertex>
                <position x="1.000000" y="-0.000000" z="-0.000000"/>
                <normal x="0.908663" y="-0.180744" z="0.376381"/>
            </vertex>
            <vertex>
                <position x="0.707106" y="-0.000000" z="0.707107"/>
                <normal x="0.908663" y="-0.180744" z="0.376381"/>
            </vertex>
            <vertex>
                <position x="0.653281" y="-0.382684" z="0.653281"/>
                <normal x="0.908663" y="-0.180744" z="0.376381"/>
            </vertex>
            <vertex>
                <position x="1.000000" y="-0.000000" z="-0.000000"/>
                <normal x="0.908663" y="0.180744" z="0.376381"/>
            </vertex>
            <vertex>
                <position x="0.923879" y="0.382683" z="-0.000000"/>
                <normal x="0.908663" y="0.180744" z="0.376381"/>
            </vertex>
            <vertex>
                <position x="0.653281" y="0.382683" z="0.653281"/>
                <normal x="0.908663" y="0.180744" z="0.376381"/>
            </vertex>
            <vertex>
                <position x="0.707106" y="-0.000000" z="0.707107"/>
                <normal x="0.908663" y="0.180744" z="0.376381"/>
            </vertex>
            <vertex>
                <position x="0.923879" y="0.382683" z="-0.000000"/>
                <normal x="0.786151" y="0.525289" z="0.325634"/>
            </vertex>
            <vertex>
                <position x="0.707106" y="0.707107" z="-0.000000"/>
                <normal x="0.786151" y="0.525289" z="0.325634"/>
            </vertex>
            <vertex>
                <position x="0.500000" y="0.707107" z="0.500000"/>
                <normal x="0.786151" y="0.525289" z="0.325634"/>
            </vertex>
            <vertex>
                <position x="0.653281" y="0.382683" z="0.653281"/>
                <normal x="0.786151" y="0.525289" z="0.325634"/>
            </vertex>
            <vertex>
                <position x="0.707106" y="0.707107" z="-0.000000"/>
                <normal x="0.541419" y="0.810291" z="0.224263"/>
            </vertex>
            <vertex>
                <position x="0.382683" y="0.923880" z="-0.000000"/>
                <normal x="0.541419" y="0.810291" z="0.224263"/>
            </vertex>
            <vertex>
                <position x="0.270598" y="0.923880" z="0.270598"/>
                <normal x="0.541419" y="0.810291" z="0.224263"/>
            </vertex>
            <vertex>
                <position x="0.500000" y="0.707107" z="0.500000"/>
                <normal x="0.541419" y="0.810291" z="0.224263"/>
            </vertex>
            <vertex>
                <position x="0.270598" y="-0.923880" z="0.270598"/>
                <normal x="0.224263" y="-0.810291" z="0.541419"/>
            </vertex>
            <vertex>
                <position x="0.500000" y="-0.707107" z="0.500000"/>
                <normal x="0.224263" y="-0.810291" z="0.541419"/>
            </vertex>
            <vertex>
                <position x="-0.000000" y="-0.707107" z="0.707107"/>
                <normal x="0.224263" y="-0.810291" z="0.541419"/>
            </vertex>
            <vertex>
                <position x="-0.000000" y="-0.923880" z="0.382683"/>
                <normal x="0.224263" y="-0.810291" z="0.541419"/>
            </vertex>
            <vertex>
                <position x="0.500000" y="-0.707107" z="0.500000"/>
                <normal x="0.325634" y="-0.525289" z="0.786151"/>
            </vertex>
            <vertex>
                <position x="0.653281" y="-0.382684" z="0.653281"/>
                <normal x="0.325634" y="-0.525289" z="0.786151"/>
            </vertex>
            <vertex>
                <position x="-0.000000" y="-0.382684" z="0.923879"/>
                <normal x="0.325634" y="-0.525289" z="0.786151"/>
            </vertex>
            <vertex>
                <position x="-0.000000" y="-0.707107" z="0.707107"/>
                <normal x="0.325634" y="-0.525289" z="0.786151"/>
            </vertex>
            <vertex>
                <position x="0.653281" y="-0.382684" z="0.653281"/>
                <normal x="0.376381" y="-0.180744" z="0.908663"/>
            </vertex>
            <vertex>
                <position x="0.707106" y="-0.000000" z="0.707107"/>
                <normal x="0.376381" y="-0.180744" z="0.908663"/>
            </vertex>
            <vertex>
                <position x="-0.000000" y="-0.000000" z="1.000000"/>
                <normal x="0.376381" y="-0.180744" z="0.908663"/>
            </vertex>
            <vertex>
                <position x="-0.000000" y="-0.382684" z="0.923879"/>
                <normal x="0.376381" y="-0.180744" z="0.908663"/>
            </vertex>
            <vertex>
                <position x="0.707106" y="-0.000000" z="0.707107"/>
                <normal x="0.376381" y="0.180744" z="0.908663"/>
            </vertex>
            <vertex>
                <position x="0.653281" y="0.382683" z="0.653281"/>
                <normal x="0.376381" y="0.180744" z="0.908663"/>
            </vertex>
            <vertex>
                <position x="-0.000000" y="0.382683" z="0.923879"/>
                <normal x="0.376381" y="0.180744" z="0.908663"/>
            </vertex>
            <vertex>
                <position x="-0.000000" y="-0.000000" z="1.000000"/>
                <normal x="0.376381" y="0.180744" z="0.908663"/>
            </vertex>
            <vertex>
                <position x="0.653281" y="0.382683" z="0.653281"/>
                <normal x="0.325634" y="0.525289" z="0.786151"/>
            </vertex>
            <vertex>
                <position x="0.500000" y="0.707107" z="0.500000"/>
                <normal x="0.325634" y="0.525289" z="0.786151"/>
            </vertex>
            <vertex>
                <position x="-0.000000" y="0.707107" z="0.707107"/>
                <normal x="0.325634" y="0.525289" z="0.786151"/>
            </vertex>
            <vertex>
                <position x="-0.000000" y="0.382683" z="0.923879"/>
                <normal x="0.325634" y="0.525289" z="0.786151"/>
            </vertex>
            <vertex>
                <position x="0.500000" y="0.707107" z="0.500000"/>
                <normal x="0.224263" y="0.810291" z="0.541419"/>
            </vertex>
            <vertex>
                <position x="0.270598" y="0.923880" z="0.270598"/>
                <normal x="0.224263" y="0.810291" z="0.541419"/>
            </vertex>
            <vertex>
                <position x="-0.000000" y="0.923880" z="0.382683"/>
                <normal x="0.224263" y="0.810291" z="0.541419"/>
            </vertex>
            <vertex>
                <position x="-0.000000" y="0.707107" z="0.707107"/>
                <normal x="0.224263" y="0.810291" z="0.541419"/>
            </vertex>
            <vertex>
                <position x="-0.000000" y="-0.923880" z="0.382683"/>
                <normal x="-0.224263" y="-0.810291" z="0.541419"/>
            </vertex>
            <vertex>
                <position x="-0.000000" y="-0.707107" z="0.707107"/>
                <normal x="-0.224263" y="-0.810291" z="0.541419"/>
            </vertex>
            <vertex>
                <position x="-0.500000" y="-0.707107" z="0.500000"/>
                <normal x="-0.224263" y="-0.810291" z="0.541419"/>
            </vertex>
            <vertex>
                <position x="-0.270598" y="-0.923880" z="0.270598"/>
                <normal x="-0.224263" y="-0.810291" z="0.541419"/>
            </vertex>
            <vertex>
                <position x="-0.000000" y="-0.707107" z="0.707107"/>
                <normal x="-0.325634" y="-0.525289" z="0.786151"/>
            </vertex>
            <vertex>
                <position x="-0.000000" y="-0.382684" z="0.923879"/>
                <normal x="-0.325634" y="-0.525289" z="0.786151"/>
            </vertex>
            <vertex>
                <position x="-0.653281" y="-0.382684" z="0.653281"/>
                <normal x="-0.325634" y="-0.525289" z="0.786151"/>
            </vertex>
            <vertex>
                <position x="-0.500000" y="-0.707107" z="0.500000"/>
                <normal x="-0.325634" y="-0.525289" z="0.786151"/>
            </vertex>
            <vertex>
                <position x="-0.000000" y="-0.382684" z="0.923879"/>
                <normal x="-0.376381" y="-0.180744" z="0.908663"/>
            </vertex>
            <vertex>
                <position x="-0.000000" y="-0.000000" z="1.000000"/>
                <normal x="-0.376381" y="-0.180744" z="0.908663"/>
            </vertex>
            <vertex>
                <position x="-0.707107" y="-0.000000" z="0.707107"/>
                <normal x="-0.376381" y="-0.180744" z="0.908663"/>
            </vertex>
            <vertex>
                <position x="-0.653281" y="-0.382684" z="0.653281"/>
                <normal x="-0.376381" y="-0.180744" z="0.908663"/>
            </vertex>
            <vertex>
                <position x="-0.000000" y="-0.000000" z="1.000000"/>
                <normal x="-0.376381" y="0.180744" z="0.908663"/>
            </vertex>
            <vertex>
                <position x="-0.000000" y="0.382683" z="0.923879"/>
                <normal x="-0.376381" y="0.180744" z="0.908663"/>
            </vertex>
            <vertex>
                <position x="-0.653281" y="0.382683" z="0.653281"/>
                <normal x="-0.376381" y="0.180744" z="0.908663"/>
            </vertex>
            <vertex>
                <position x="-0.707107" y="-0.000000" z="0.707107"/>
                <normal x="-0.376381" y="0.180744" z="0.908663"/>
            </vertex>
            <vertex>
                <position x="-0.000000" y="0.382683" z="0.923879"/>
                <normal x="-0.325634" y="0.525289" z="0.786151"/>
            </vertex>
            <vertex>
                <position x="-0.000000" y="0.707107" z="0.707107"/>
                <normal x="-0.325634" y="0.525289" z="0.786151"/>
            </vertex>
            <vertex>
                <position x="-0.500000" y="0.707107" z="0.500000"/>
                <normal x="-0.325634" y="0.525289" z="0.786151"/>
            </vertex>
            <vertex>
                <position x="-0.653281" y="0.382683" z="0.653281"/>
                <normal x="-0.325634" y="0.525289" z="0.786151"/>
            </vertex>
            <vertex>
                <position x="-0.000000" y="0.707107" z="0.707107"/>
                <normal x="-0.224263" y="0.810291" z="0.541419"/>
            </vertex>
            <vertex>
                <position x="-0.000000" y="0.923880" z="0.382683"/>
                <normal x="-0.224263" y="0.810291" z="0.541419"/>
            </vertex>
            <vertex>
                <position x="-0.270598" y="0.923880" z="0.270598"/>
                <normal x="-0.224263" y="0.810291" z="0.541419"/>
            </vertex>
            <vertex>
                <position x="-0.500000" y="0.707107" z="0.500000"/>
                <normal x="-0.224263" y="0.810291" z="0.541419"/>
            </vertex>
            <vertex>
                <position x="-0.000000" y="-1.000000" z="-0.000000"/>
                <normal x="-0.194457" y="-0.977599" z="-0.080547"/>
            </vertex>
            <vertex>
                <position x="-0.382683" y="-0.923880" z="-0.000000"/>
                <normal x="-0.194457" y="-0.977599" z="-0.080547"/>
            </vertex>
            <vertex>
                <position x="-0.270598" y="-0.923880" z="-0.270598"/>
                <normal x="-0.194457" y="-0.977599" z="-0.080547"/>
            </vertex>
            <vertex>
                <position x="-0.382683" y="0.923880" z="-0.000000"/>
                <normal x="-0.194457" y="0.977598" z="-0.080547"/>
            </vertex>
            <vertex>
                <position x="-0.000000" y="1.000000" z="0.000000"/>
                <normal x="-0.194457" y="0.977598" z="-0.080547"/>
            </vertex>
            <vertex>
                <position x="-0.270598" y="0.923880" z="-0.270598"/>
                <normal x="-0.194457" y="0.977598" z="-0.080547"/>
            </vertex>
            <vertex>
                <position x="-0.000000" y="-1.000000" z="-0.000000"/>
                <normal x="-0.080547" y="-0.977598" z="-0.194457"/>
            </vertex>
            <vertex>
                <position x="-0.270598" y="-0.923880" z="-0.270598"/>
                <normal x="-0.080547" y="-0.977598" z="-0.194457"/>
            </vertex>
            <vertex>
                <position x="-0.000000" y="-0.923880" z="-0.382683"/>
                <normal x="-0.080547" y="-0.977598" z="-0.194457"/>
            </vertex>
            <vertex>
                <position x="-0.270598" y="0.923880" z="-0.270598"/>
                <normal x="-0.080547" y="0.977599" z="-0.194457"/>
            </vertex>
            <vertex>
                <position x="-0.000000" y="1.000000" z="0.000000"/>
                <normal x="-0.080547" y="0.977599" z="-0.194457"/>
            </vertex>
            <vertex>
                <position x="-0.000000" y="0.923880" z="-0.382683"/>
                <normal x="-0.080547" y="0.977599" z="-0.194457"/>
            </vertex>
            <vertex>
                <position x="-0.000000" y="-1.000000" z="-0.000000"/>
                <normal x="0.080547" y="-0.977599" z="-0.194457"/>
            </vertex>
            <vertex>
                <position x="-0.000000" y="-0.923880" z="-0.382683"/>
                <normal x="0.080547" y="-0.977599" z="-0.194457"/>
            </vertex>
            <vertex>
                <position x="0.270598" y="-0.923880" z="-0.270598"/>
                <normal x="0.080547" y="-0.977599" z="-0.194457"/>
            </vertex>
            <vertex>
                <position x="-0.000000" y="0.923880" z="-0.382683"/>
                <normal x="0.080547" y="0.977599" z="-0.194457"/>
            </vertex>
            <vertex>
                <position x="-0.000000" y="1.000000" z="0.000000"/>
                <normal x="0.080547" y="0.977599" z="-0.194457"/>
            </vertex>
            <vertex>
                <position x="0.270598" y="0.923880" z="-0.270598"/>
                <normal x="0.080547" y="0.977599" z="-0.194457"/>
            </vertex>
            <vertex>
                <position x="-0.000000" y="-1.000000" z="-0.000000"/>
                <normal x="0.194457" y="-0.977599" z="-0.080547"/>
            </vertex>
            <vertex>
                <position x="0.270598" y="-0.923880" z="-0.270598"/>
                <normal x="0.194457" y="-0.977599" z="-0.080547"/>
            </vertex>
            <vertex>
                <position x="0.382683" y="-0.923880" z="-0.000000"/>
                <normal x="0.194457" y="-0.977599" z="-0.080547"/>
            </vertex>
            <vertex>
                <position x="0.270598" y="0.923880" z="-0.270598"/>
                <normal x="0.194456" y="0.977599" z="-0.080547"/>
            </vertex>
            <vertex>
                <position x="-0.000000" y="1.000000" z="0.000000"/>
                <normal x="0.194456" y="0.977599" z="-0.080547"/>
            </vertex>
            <vertex>
                <position x="0.382683" y="0.923880" z="-0.000000"/>
                <normal x="0.194456" y="0.977599" z="-0.080547"/>
            </vertex>
            <vertex>
                <position x="-0.000000" y="-1.000000" z="-0.000000"/>
                <normal x="0.194457" y="-0.977599" z="0.080547"/>
            </vertex>
            <vertex>
                <position x="0.382683" y="-0.923880" z="-0.000000"/>
                <normal x="0.194457" y="-0.977599" z="0.080547"/>
            </vertex>
            <vertex>
                <position x="0.270598" y="-0.923880" z="0.270598"/>
                <normal x="0.194457" y="-0.977599" z="0.080547"/>
            </vertex>
            <vertex>
                <position x="0.382683" y="0.923880" z="-0.000000"/>
                <normal x="0.194457" y="0.977599" z="0.080547"/>
            </vertex>
            <vertex>
                <position x="-0.000000" y="1.000000" z="0.000000"/>
                <normal x="0.194457" y="0.977599" z="0.080547"/>
            </vertex>
            <vertex>
                <position x="0.270598" y="0.923880" z="0.270598"/>
                <normal x="0.194457" y="0.977599" z="0.080547"/>
            </vertex>
            <vertex>
                <position x="-0.000000" y="-1.000000" z="-0.000000"/>
                <normal x="0.080547" y="-0.977599" z="0.194457"/>
            </vertex>
            <vertex>
                <position x="0.270598" y="-0.923880" z="0.270598"/>
                <normal x="0.080547" y="-0.977599" z="0.194457"/>
            </vertex>
            <vertex>
                <position x="-0.000000" y="-0.923880" z="0.382683"/>
                <normal x="0.080547" y="-0.977599" z="0.194457"/>
            </vertex>
            <vertex>
                <position x="0.270598" y="0.923880" z="0.270598"/>
                <normal x="0.080547" y="0.977598" z="0.194457"/>
            </vertex>
            <vertex>
                <position x="-0.000000" y="1.000000" z="0.000000"/>
                <normal x="0.080547" y="0.977598" z="0.194457"/>
            </vertex>
            <vertex>
                <position x="-0.000000" y="0.923880" z="0.382683"/>
                <normal x="0.080547" y="0.977598" z="0.194457"/>
            </vertex>
            <vertex>
                <position x="-0.000000" y="-1.000000" z="-0.000000"/>
                <normal x="-0.080547" y="-0.977599" z="0.194457"/>
            </vertex>
            <vertex>
                <position x="-0.000000" y="-0.923880" z="0.382683"/>
                <normal x="-0.080547" y="-0.977599" z="0.194457"/>
            </vertex>
            <vertex>
                <position x="-0.270598" y="-0.923880" z="0.270598"/>
                <normal x="-0.080547" y="-0.977599" z="0.194457"/>
            </vertex>
            <vertex>
                <position x="-0.000000" y="0.923880" z="0.382683"/>
                <normal x="-0.080547" y="0.977599" z="0.194457"/>
            </vertex>
            <vertex>
                <position x="-0.000000" y="1.000000" z="0.000000"/>
                <normal x="-0.080547" y="0.977599" z="0.194457"/>
            </vertex>
            <vertex>
                <position x="-0.270598" y="0.923880" z="0.270598"/>
                <normal x="-0.080547" y="0.977599" z="0.194457"/>
            </vertex>
            <vertex>
                <position x="-0.000000" y="-1.000000" z="-0.000000"/>
                <normal x="-0.194457" y="-0.977599" z="0.080547"/>
            </vertex>
            <vertex>
                <position x="-0.270598" y="-0.923880" z="0.270598"/>
                <normal x="-0.194457" y="-0.977599" z="0.080547"/>
            </vertex>
            <vertex>
                <position x="-0.382683" y="-0.923880" z="-0.000000"/>
                <normal x="-0.194457" y="-0.977599" z="0.080547"/>
            </vertex>
            <vertex>
                <position x="-0.270598" y="-0.923880" z="0.270598"/>
                <normal x="-0.541419" y="-0.810291" z="0.224263"/>
            </vertex>
            <vertex>
                <position x="-0.500000" y="-0.707107" z="0.500000"/>
                <normal x="-0.541419" y="-0.810291" z="0.224263"/>
            </vertex>
            <vertex>
                <position x="-0.707107" y="-0.707107" z="-0.000000"/>
                <normal x="-0.541419" y="-0.810291" z="0.224263"/>
            </vertex>
            <vertex>
                <position x="-0.382683" y="-0.923880" z="-0.000000"/>
                <normal x="-0.541419" y="-0.810291" z="0.224263"/>
            </vertex>
            <vertex>
                <position x="-0.500000" y="-0.707107" z="0.500000"/>
                <normal x="-0.786151" y="-0.525289" z="0.325635"/>
            </vertex>
            <vertex>
                <position x="-0.653281" y="-0.382684" z="0.653281"/>
                <normal x="-0.786151" y="-0.525289" z="0.325635"/>
            </vertex>
            <vertex>
                <position x="-0.923880" y="-0.382684" z="-0.000000"/>
                <normal x="-0.786151" y="-0.525289" z="0.325635"/>
            </vertex>
            <vertex>
                <position x="-0.707107" y="-0.707107" z="-0.000000"/>
                <normal x="-0.786151" y="-0.525289" z="0.325635"/>
            </vertex>
            <vertex>
                <position x="-0.653281" y="-0.382684" z="0.653281"/>
                <normal x="-0.908663" y="-0.180744" z="0.376381"/>
            </vertex>
            <vertex>
                <position x="-0.707107" y="-0.000000" z="0.707107"/>
                <normal x="-0.908663" y="-0.180744" z="0.376381"/>
            </vertex>
            <vertex>
                <position x="-1.000000" y="-0.000000" z="-0.000000"/>
                <normal x="-0.908663" y="-0.180744" z="0.376381"/>
            </vertex>
            <vertex>
                <position x="-0.923880" y="-0.382684" z="-0.000000"/>
                <normal x="-0.908663" y="-0.180744" z="0.376381"/>
            </vertex>
            <vertex>
                <position x="-0.707107" y="-0.000000" z="0.707107"/>
                <normal x="-0.908663" y="0.180744" z="0.376381"/>
            </vertex>
            <vertex>
                <position x="-0.653281" y="0.382683" z="0.653281"/>
                <normal x="-0.908663" y="0.180744" z="0.376381"/>
            </vertex>
            <vertex>
                <position x="-0.923880" y="0.382683" z="-0.000000"/>
                <normal x="-0.908663" y="0.180744" z="0.376381"/>
            </vertex>
            <vertex>
                <position x="-1.000000" y="-0.000000" z="-0.000000"/>
                <normal x="-0.908663" y="0.180744" z="0.376381"/>
            </vertex>
            <vertex>
                <position x="-0.653281" y="0.382683" z="0.653281"/>
                <normal x="-0.786151" y="0.525289" z="0.325635"/>
            </vertex>
            <vertex>
                <position x="-0.500000" y="0.707107" z="0.500000"/>
                <normal x="-0.786151" y="0.525289" z="0.325635"/>
            </vertex>
            <vertex>
                <position x="-0.707107" y="0.707107" z="-0.000000"/>
                <normal x="-0.786151" y="0.525289" z="0.325635"/>
            </vertex>
            <vertex>
                <position x="-0.923880" y="0.382683" z="-0.000000"/>
                <normal x="-0.786151" y="0.525289" z="0.325635"/>
            </vertex>
            <vertex>
                <position x="-0.382683" y="0.923880" z="-0.000000"/>
                <normal x="-0.541419" y="0.810291" z="0.224263"/>
            </vertex>
            <vertex>
                <position x="-0.707107" y="0.707107" z="-0.000000"/>
                <normal x="-0.541419" y="0.810291" z="0.224263"/>
            </vertex>
            <vertex>
                <position x="-0.500000" y="0.707107" z="0.500000"/>
                <normal x="-0.541419" y="0.810291" z="0.224263"/>
            </vertex>
            <vertex>
                <position x="-0.270598" y="0.923880" z="0.270598"/>
                <normal x="-0.541419" y="0.810291" z="0.224263"/>
            </vertex>
            <vertex>
                <position x="-0.270598" y="0.923880" z="0.270598"/>
                <normal x="-0.194457" y="0.977598" z="0.080547"/>
            </vertex>
            <vertex>
                <position x="-0.000000" y="1.000000" z="0.000000"/>
                <normal x="-0.194457" y="0.977598" z="0.080547"/>
            </vertex>
            <vertex>
                <position x="-0.382683" y="0.923880" z="-0.000000"/>
                <normal x="-0.194457" y="0.977598" z="0.080547"/>
            </vertex>
        </vertexbuffer>
    </sharedgeometry>
    <submeshes>
        <submesh material="bulletmaterial" operationtype="triangle_list" use32bitindexes="False" usesharedvertices="true">
            <faces count="112">
                <face v1="0" v2="1" v3="2"/>
                <face v1="0" v2="2" v3="3"/>
                <face v1="4" v2="5" v3="6"/>
                <face v1="4" v2="6" v3="7"/>
                <face v1="8" v2="9" v3="10"/>
                <face v1="8" v2="10" v3="11"/>
                <face v1="12" v2="13" v3="14"/>
                <face v1="12" v2="14" v3="15"/>
                <face v1="16" v2="17" v3="18"/>
                <face v1="16" v2="18" v3="19"/>
                <face v1="20" v2="21" v3="22"/>
                <face v1="20" v2="22" v3="23"/>
                <face v1="24" v2="25" v3="26"/>
                <face v1="24" v2="26" v3="27"/>
                <face v1="28" v2="29" v3="30"/>
                <face v1="28" v2="30" v3="31"/>
                <face v1="32" v2="33" v3="34"/>
                <face v1="32" v2="34" v3="35"/>
                <face v1="36" v2="37" v3="38"/>
                <face v1="36" v2="38" v3="39"/>
                <face v1="40" v2="41" v3="42"/>
                <face v1="40" v2="42" v3="43"/>
                <face v1="44" v2="45" v3="46"/>
                <face v1="44" v2="46" v3="47"/>
                <face v1="48" v2="49" v3="50"/>
                <face v1="48" v2="50" v3="51"/>
                <face v1="52" v2="53" v3="54"/>
                <face v1="52" v2="54" v3="55"/>
                <face v1="56" v2="57" v3="58"/>
                <face v1="56" v2="58" v3="59"/>
                <face v1="60" v2="61" v3="62"/>
                <face v1="60" v2="62" v3="63"/>
                <face v1="64" v2="65" v3="66"/>
                <face v1="64" v2="66" v3="67"/>
                <face v1="68" v2="69" v3="70"/>
                <face v1="68" v2="70" v3="71"/>
                <face v1="72" v2="73" v3="74"/>
                <face v1="72" v2="74" v3="75"/>
                <face v1="76" v2="77" v3="78"/>
                <face v1="76" v2="78" v3="79"/>
                <face v1="80" v2="81" v3="82"/>
                <face v1="80" v2="82" v3="83"/>
                <face v1="84" v2="85" v3="86"/>
                <face v1="84" v2="86" v3="87"/>
                <face v1="88" v2="89" v3="90"/>
                <face v1="88" v2="90" v3="91"/>
                <face v1="92" v2="93" v3="94"/>
                <face v1="92" v2="94" v3="95"/>
                <face v1="96" v2="97" v3="98"/>
                <face v1="96" v2="98" v3="99"/>
                <face v1="100" v2="101" v3="102"/>
                <face v1="100" v2="102" v3="103"/>
                <face v1="104" v2="105" v3="106"/>
                <face v1="104" v2="106" v3="107"/>
                <face v1="108" v2="109" v3="110"/>
                <face v1="108" v2="110" v3="111"/>
                <face v1="112" v2="113" v3="114"/>
                <face v1="112" v2="114" v3="115"/>
                <face v1="116" v2="117" v3="118"/>
                <face v1="116" v2="118" v3="119"/>
                <face v1="120" v2="121" v3="122"/>
                <face v1="120" v2="122" v3="123"/>
                <face v1="124" v2="125" v3="126"/>
                <face v1="124" v2="126" v3="127"/>
                <face v1="128" v2="129" v3="130"/>
                <face v1="128" v2="130" v3="131"/>
                <face v1="132" v2="133" v3="134"/>
                <face v1="132" v2="134" v3="135"/>
                <face v1="136" v2="137" v3="138"/>
                <face v1="136" v2="138" v3="139"/>
                <face v1="140" v2="141" v3="142"/>
                <face v1="140" v2="142" v3="143"/>
                <face v1="144" v2="145" v3="146"/>
                <face v1="144" v2="146" v3="147"/>
                <face v1="148" v2="149" v3="150"/>
                <face v1="148" v2="150" v3="151"/>
                <face v1="152" v2="153" v3="154"/>
                <face v1="152" v2="154" v3="155"/>
                <face v1="156" v2="157" v3="158"/>
                <face v1="156" v2="158" v3="159"/>
                <face v1="160" v2="161" v3="162"/>
                <face v1="160" v2="162" v3="163"/>
                <face v1="164" v2="165" v3="166"/>
                <face v1="164" v2="166" v3="167"/>
                <face v1="168" v2="169" v3="170"/>
                <face v1="171" v2="172" v3="173"/>
                <face v1="174" v2="175" v3="176"/>
                <face v1="177" v2="178" v3="179"/>
                <face v1="180" v2="181" v3="182"/>
                <face v1="183" v2="184" v3="185"/>
                <face v1="186" v2="187" v3="188"/>
                <face v1="189" v2="190" v3="191"/>
                <face v1="192" v2="193" v3="194"/>
                <face v1="195" v2="196" v3="197"/>
                <face v1="198" v2="199" v3="200"/>
                <face v1="201" v2="202" v3="203"/>
                <face v1="204" v2="205" v3="206"/>
                <face v1="207" v2="208" v3="209"/>
                <face v1="210" v2="211" v3="212"/>
                <face v1="213" v2="214" v3="215"/>
                <face v1="213" v2="215" v3="216"/>
                <face v1="217" v2="218" v3="219"/>
                <face v1="217" v2="219" v3="220"/>
                <face v1="221" v2="222" v3="223"/>
                <face v1="221" v2="223" v3="224"/>
                <face v1="225" v2="226" v3="227"/>
                <face v1="225" v2="227" v3="228"/>
                <face v1="229" v2="230" v3="231"/>
                <face v1="229" v2="231" v3="232"/>
                <face v1="233" v2="234" v3="235"/>
                <face v1="233" v2="235" v3="236"/>
                <face v1="237" v2="238" v3="239"/>
            </faces>
        </submesh>
    </submeshes>
    <submeshnames>
        <submesh index="0" name="bulletmaterial"/>
    </submeshnames>
</mesh>
